fID,NumericAttributes,Instances,Features,Dimensionality,PercentageOfMissingValues,PercentageofInstancesWithMissingValues,PercentageBinaryFeatures,PercentageFeaturesWithMoreThan10Uniques,MaxCardinalityNumericFeatures,MinCardinalityNumericFeatures,MaxCardinalityNominalFeatures,MinCardinalityNominalFeatures,PercentageNumericFeatures,MinMean,MaxMean,MeanMean,MinStd,MaxStd,MeanStd,Q1Mean,Q2Mean,Q3Mean,Q1Std,Q2Std,Q3Std,NumberOfClasses,MajorityClassPercentage,MinorityClassPercentage,MaximumCrossCorrelation,MinimumCrossCorrelation,MinSkew,MaxSkew,MeanSkew,Q1Skew,Q2Skew,Q3Skew,MinKutosis,MaxKutosis,MeanKutosis,Q1Kutosis,Q2Kutosis,Q3Kutosis,MaxMutualInformation,MinMutualInformation,Q1MutualInformation,Q2MutualInformation,Q3MutualInformation,MeanSignalToNoiseRatio
51d170bf-4964-4990-b3b1-6cb4310b1e4a,7,1000,20,0.02,0.0,0.0,0.15,0.2,921,2,10,2,0.35,1.155,3271.258,476.5838571428571,0.36208577175319395,2822.7368759604406,407.0476188282119,2.1260000000000003,2.973,28.2245,0.8406861819514769,1.1187146743126786,11.717141513536944,2,0.7,0.3,0.6249841983009832,-0.271315701246003,-0.5313481143125617,1.949627679832622,0.9203791257169058,0.37408472732155806,1.0941841715555396,1.5910103441498125,-1.381448502749397,4.292590308048515,0.9242775257981266,-0.3073467754306245,0.9197813600546056,1.6268565330472056,0.571001563656008,2.820947046650035e-07,0.00037603320732511325,0.0023012011149704525,0.005934079387247576,0.1343493625915051
9621f2ff-fbbb-4d3f-9007-4d7693d998ea,970,3468,970,0.27970011534025374,0.0,0.0,0.0,1.0,256,29,0,0,1.0,0.9319492502883506,140.39590542099194,53.99496159288458,12.220429305914115,114.02526576465503,77.24975255804337,11.693699538638985,46.79498269896194,93.46352364475202,46.45896310207129,88.14108747652429,108.57661509595732,2,0.5083621683967705,0.49163783160322955,0.9166833650291542,-0.457404535675112,-0.2446056330086676,16.11757057203497,2.9342780270476254,0.5225295614829428,1.5901640792497946,4.234053720956444,-1.8271452404955368,283.85704389100255,18.648491904927468,-1.5299667850560514,0.7989932681225342,17.1324635225321,0.17373061108773513,0.005561451132703504,0.029935602385854677,0.04234425042124481,0.049928362498444914,0.5728747257145207
622f51f0-b52e-433c-a51c-de7463629a14,21,1109,21,0.018935978358881875,0.0,0.0,0.0,1.0,890,24,0,0,1.0,0.12941388638412984,28822.882380522995,1500.9949675812618,0.14695194033180747,170643.60332778355,8678.609588564534,4.696122633002705,15.396266907123534,50.90189359783589,8.182224330344004,16.540675998659637,86.30868937153426,2,0.9305680793507665,0.06943192064923355,0.9999999999879182,-0.5172639114940474,2.1722108126029522,18.550221072780662,8.008505554819505,5.794629181465233,7.428331461257424,8.379099144522351,13.730107138742474,410.4883867399542,116.04528058633072,58.17783924539492,90.71651180753373,109.68355308317425,0.24089221898751295,0.01571693300096945,0.041004205800393795,0.09044816062833895,0.15847547695973518,0.32417377335733333
592d3861-42e9-4735-b81a-d01ae6b70dd1,21,2109,21,0.00995732574679943,0.0,0.0,0.0,1.0,961,12,0,0,1.0,0.08673779042200096,5242.386239924134,285.096916615864,0.1755065263631647,17444.981211378636,915.4550143765099,1.759601706970128,7.631673779042201,21.24007112375533,3.375859260340955,7.863645549059695,32.07439842427073,2,0.8454243717401612,0.15457562825983878,0.9999999993905214,-0.5609678102018145,1.140765850414105,8.789034149895828,4.2031781368284005,3.352322322578088,3.737101378557051,4.632831817737078,1.2413950208680289,103.07904520133987,31.853391931073276,16.38213843629955,22.422776708097715,36.03353858567014,0.36581292598379045,0.0016044822410537169,0.06800622571256044,0.1062115854183449,0.1633154205428876,0.4701905732402382
bd2f8a11-0ad8-4944-b259-f031bb8fcd4d,5,15545,5,0.000321646831778707,0.0,0.0,0.2,0.8,10599,2,0,0,1.0,0.5678996461884851,676568.2015439048,221598.5630363461,0.4953841184605716,585391.1495024122,220055.54406718738,434.0152460598263,2097.573560630428,428892.4569314892,911.2404905895194,1151.8172588658517,512823.0176999507,2,0.671405596654873,0.3285944033451271,0.7668987663204802,-0.15261842002858478,-0.2741645549963413,5.892621234393996,1.4714719487733021,-0.08343368489772024,0.6756672049543639,1.146669544412212,-1.925081491885109,53.590950174840486,9.975480657517597,-1.1906706996425784,-0.7974463474032047,0.19965165167839194,0.6211629053808831,0.017141983627110557,0.1312274963774183,0.2634711522374486,0.580915186210113,0.7206377538992832
04bd2751-cd1d-4b93-8c39-38dac2829f62,37,1563,37,0.023672424824056303,0.0,0.0,0.0,0.972972972972973,1329,8,0,0,1.0,0.12455534229046705,34072.82269353807,1008.1458672684201,0.12943827711259526,358165.9357273064,10334.503124329442,1.566378758797185,7.63787587971849,22.01791426743442,2.911105699591227,15.928280528240776,41.496928658351294,2,0.8976327575175944,0.10236724248240563,0.9999999999999921,-0.5860312252986136,-0.5895053004377945,30.48899351715018,10.324325597699104,2.7125284935258462,9.777471538769182,15.875973355460586,-1.4822370260657332,1039.3380068388694,238.95404585980862,10.081027590555024,144.2731945659137,397.9242344479166,0.3202622888771184,0.005326124778417621,0.036621600981353454,0.0492914750761753,0.10989648353741274,0.2477215219939174
41512d79-272e-479e-9d04-f2763dd95914,7,10218,7,0.0006850655705617538,0.0,0.0,0.0,0.8571428571428571,511,8,0,0,1.0,2.2227441769426504,40.46352319436289,15.677500209713951,1.719631828517727,14.178974105774524,9.504522285963189,7.701507144255236,15.24603640634175,18.203591700919947,8.33875108080889,9.73099056434,12.112278670746143,10,0.13857897827363477,0.058719906048150326,0.6289015882126961,-0.21602002478582905,0.19900180105968912,1.415747632567255,0.6738720824507166,0.40828736639696733,0.7106609244938,0.7875597431201691,-0.5477487171317952,1.2503558717867103,-0.03922173626087222,-0.40791068751098924,-0.2275809697691198,0.03312151815503883,1.6788199189040465,0.11927998295212552,0.183132971351529,0.2899899008334538,0.44470818303600174,1.1528485064982805
47184717-32ec-4c50-af43-85af303ff777,11,19020,11,0.0005783385909568874,0.0,0.0,0.0,1.0,19020,4421,0,0,1.0,-4.331745157728706,9510.5,892.4798527339644,0.11051079890195785,5490.745395663507,525.8264778105572,0.3150265141955836,10.545544815983174,40.44793030231335,9.40932747218545,26.103620510358294,55.10308999930055,2,0.6483701366982124,0.3516298633017876,0.9764118508094787,-0.8508497973208023,-1.1230780552847464,3.371627980775553,0.5875863231697486,0.060060636729026055,0.48588845389254376,0.8631985241290024,-1.200000000000009,16.765406683786765,3.7755996475713136,-0.316936846381511,0.7272784359227193,6.562885502257981,0.6484497541284172,0.15418887520873648,0.47804050143407817,0.6358554675598757,0.6417306749988759,0.34197725010016267
40aef813-403b-4b02-8a14-68ea1b36f2d5,37,1458,37,0.025377229080932786,0.0,0.0,0.02702702702702703,0.918918918918919,1165,2,0,0,1.0,0.07064471879286695,19505.519540466394,583.4640334779226,0.11986237027041216,62600.255064694364,1837.8290669668515,1.9684499314128945,6.997256515775034,18.80384087791495,2.8914731656042236,9.487405907012072,25.234080517947458,2,0.877914951989026,0.12208504801097393,0.9999999999996478,-0.4517707399337483,-0.46393068881698196,25.483851976424926,6.450282232943058,2.9536349589630317,5.710990952498308,9.395228320314386,-1.5109530299949747,771.6332888137719,105.08714800752246,10.204916111626284,48.04994209767535,165.69165526612335,0.36047398743556364,0.0011993726800990888,0.038638802479143426,0.06559947408112599,0.10041841477622132,0.2526016787446241
c0ef222f-e486-4261-b928-d0defa3d27a3,21,522,21,0.040229885057471264,0.0,0.0,0.0,0.9523809523809523,330,8,0,0,1.0,0.1889655172413793,18542.99162835249,977.893699142492,0.2756089046934317,113271.21645142233,5875.729587941181,3.6501915708812263,9.73528735632184,37.02337164750958,6.665003090693527,21.942778727265367,90.39861984561563,2,0.7950191570881227,0.2049808429118774,0.9970976256436603,-0.6919124470302178,1.0464801419245156,16.788705242312474,8.95309328176809,6.016919080142914,10.083296475235247,11.59428661988238,1.9918546982657634,321.25591160743056,130.10843043463282,45.08061430222095,139.55039688512502,180.33158152278833,0.44950616491897255,0.04193433000292446,0.15667604529360862,0.2365401516145597,0.3486680897851147,0.4484126163893084
fbd4793d-015e-4e22-bca0-c43eeb100012,14,14980,14,0.0009345794392523365,0.0,0.0,0.0,1.0,592,285,0,0,1.0,4009.767693591455,4644.02237917223,4316.882028546157,29.292603201776213,5891.285042523523,1767.288482418947,4206.549327436583,4271.6276034712955,4397.762143190921,38.92425484507828,627.1558153704176,2816.6101965601165,2,0.5512016021361815,0.4487983978638184,0.9999610708874204,-0.6373626026533097,-13.615160740499958,122.38777688436316,71.73726620900253,27.829602844253678,84.6111320087768,122.32446971257369,2056.5210594418527,14979.178735371042,8904.721901637497,2766.5309030295866,9352.695219762849,14968.842384772619,0.05454680936979059,0.01893922573573367,0.023608979197723756,0.026715925159493052,0.04624409161685861,22.81063532045029
196c13ec-9eeb-4bd0-ba2e-687e614cbb5a,51,6118,51,0.008336057535142204,0.0,0.0,0.0,1.0,4709,23,0,0,1.0,-0.040910567015364496,0.05295462373324618,-0.0005510331198841116,0.8394622129143418,1.5063662920278622,0.9916438519187989,-0.008014697041516835,-0.0024692322654462262,0.0023803553448839623,0.9752140141186466,0.9971927023529872,1.0036457786575215,6,0.41745668519123896,0.07943772474664923,0.9997931302175866,-0.951397901833075,-1.8757644271104372,53.78484491555883,7.440976027873647,1.3665120179551034,3.1426279908840047,9.297438624545892,-0.9719716023759375,2944.652531708348,228.19086725958323,1.4288771969739416,15.286501444565081,112.27594366233467,1.4579518341472375,0.023861647056270155,0.1126368594680949,0.6251884118559938,0.8618336041565834,-0.122451518921174
8a36e541-a8a0-47eb-8512-26667375b340,4,625,4,0.0064,0.0,0.0,0.0,0.0,5,5,0,0,1.0,3.0,3.0,3.0,1.4153462926807447,1.4153462926807447,1.4153462926807447,3.0,3.0,3.0,1.4153462926807447,1.4153462926807447,1.4153462926807447,3,0.4608,0.0784,0.0,0.0,0.0,0.0,0.0,0.0,0.0,0.0,-1.300798439249973,-1.300798439249973,-1.300798439249973,-1.300798439249973,-1.300798439249973,-1.300798439249973,0.09382046248637314,0.09382046248637313,0.09382046248637313,0.09382046248637313,0.09382046248637314,2.9332417131081345
3ebc40be-3bef-486d-8381-a0196ffce596,4,748,4,0.0053475935828877,0.0,0.0,0.0,1.0,78,31,0,0,1.0,5.514705882352941,1378.6764705882354,356.99498663101605,5.839307123090025,1459.8267807725063,374.5345494748774,8.508689839572192,21.894385026737968,370.3806818181818,7.531373507246917,16.2360550019567,383.2392309695872,2,0.7620320855614974,0.23796791443850268,0.9999999999999982,-0.18274546808203987,0.7494502906271312,3.2112654741848674,2.2631111929251757,1.5977102221846988,2.5458645034443523,3.211265474184829,-0.24563117940241197,15.876151978542108,10.224505250350376,6.982103372939549,12.6337501011309,15.876151978541728,0.07445851860156696,0.04962993661793273,0.04962993661793273,0.05665040232551898,0.06636778067522067,0.6217572710954976
d007ea8f-fc9b-4b3f-b60f-2a14ee82b887,35,2126,35,0.016462841015992474,0.0,0.0,0.3142857142857143,0.6,1064,2,0,0,1.0,0.003292568203198495,1702.8772342427094,106.21290686735655,0.05729983891806786,930.919142747232,60.49882589182836,0.14111006585136407,3.6599247412982128,82.01269990592662,0.37394417056463924,2.949385621863585,16.787051496007003,10,0.27234242709313267,0.02492944496707432,0.9482513380408235,-0.8985189643113394,-0.9951778449153634,17.35345685539739,2.392190348466066,0.2150093868598167,1.6573392037918302,3.5701306030517728,-1.3660591238899191,299.42414247450813,17.74029831722684,-0.29294291107465087,3.0095305128089906,15.045863075782124,1.382370953303351,0.008035038339585103,0.18476353806483586,0.43325011386976886,0.5909770476087703,0.35787923261186977
0ed8c812-3069-4125-9e5f-752c3f090a91,856,1080,856,0.7925925925925926,0.0,0.0,0.8866822429906542,0.0,5,2,0,0,1.0,0.000925925925925926,0.43703703703703706,0.008213265835929387,0.03042903097250922,0.6177168929917757,0.06570782004442141,0.000925925925925926,0.001851851851851852,0.004629629629629629,0.03042903097250923,0.04301320245082135,0.07436270270712288,9,0.1111111111111111,0.1111111111111111,0.9999999999999486,-0.2187310666399137,0.6326488459305614,32.8633534503123,23.162381936883797,14.614985291676176,23.205542846330168,32.863353450311216,-1.2594168339817198,1080.0000000001303,636.4605777892165,211.99036707098816,537.4925736865705,1080.0000000000696,0.2626244415661975,0.002037907185764111,0.002037907185764111,0.00290170177236701,0.0081934275422578,0.08494836461405984
27390640-2eb9-47c6-9e58-19ffed66e59f,4,1372,4,0.0029154518950437317,0.0,0.0,0.0,1.0,1338,1156,0,0,1.0,-1.1916565211370262,1.9223531209912539,0.6405147434402334,2.1010131367390685,5.869046743580378,3.780713139220149,0.02738731268221578,0.9156811869533529,1.5288086177113704,2.6573252238686416,3.576396338280575,4.699784253632083,2,0.5553935860058309,0.4446064139941691,0.3188408878882572,-0.7868952243438814,-1.0222430436540932,1.088568543521779,-0.11929141888617104,-0.5511383668862481,-0.2717455877061849,0.16010136029389216,-0.7515813814324859,1.2704759156365952,0.14479469144118928,-0.5158039883876641,0.030142115780323886,0.6907407956091772,0.6859872473044653,0.5830822528706511,0.6324076313739391,0.6498598428389222,0.6596495079282232,0.2673648435497664
7e537840-b575-47f6-898d-2e0599f6f657,16,20000,16,0.0008,0.0,0.0,0.0,1.0,16,16,0,0,1.0,3.0461,8.33885,5.925465625,1.5467224363197005,3.3045553035601802,2.2737711454464016,4.4773375,5.913225,7.575637499999999,2.023169877345679,2.2933721022272304,2.5081243245481346,26,0.04065,0.0367,0.8515139960074829,-0.38401793641306964,-0.31007906987269035,1.1599750154235908,0.29029703410184643,-0.012977920741492371,0.254334587939882,0.5300213994739909,-0.421178822117128,2.0752450461583605,0.6977379005300918,0.3190341906518831,0.8853044390115101,1.1381282875821108,0.6285522483066909,0.014630631710205613,0.10975275349740256,0.43664858429405795,0.5345756452132417,2.3693293585713966
aeb55cd6-4670-44e9-8a57-30080c6fb59c,20,540,20,0.037037037037037035,0.0,0.0,0.0,0.95,540,3,0,0,1.0,0.4999131296296296,270.5,18.575018532685185,0.2888133686361647,156.02884348735012,10.688349993513791,0.49999708009259247,0.5000378435185184,0.5001001314814815,0.28889700221828846,0.28895719045087614,0.28902682806869595,2,0.9148148148148149,0.08518518518518518,0.9999910119484337,-0.10592076970852621,-0.000832713664359589,0.0012744626927442147,2.9030687164117178e-05,-0.0004363839920196108,-4.740482386132447e-07,0.00020578683678911387,-1.5027881040892193,-1.1986607611256683,-1.2151730419773632,-1.2003356724679501,-1.2000380490180378,-1.1996593463619685,0.291254232652149,0.002230825701746264,0.291254232652149,0.291254232652149,0.291254232652149,0.30075992980498717
6f560487-944c-4495-93ec-7285f2a0cd09,76,2000,76,0.038,0.0,0.0,0.0,1.0,1994,1976,0,0,1.0,0.07169202572000001,0.37731057175,0.13203208401769737,0.03755549891733622,0.176230670631931,0.0671079516668835,0.0863613774775,0.1064998764125,0.15306640484125,0.04316387660628802,0.05275929753572174,0.08631789147633534,10,0.1,0.1,0.6788287919693011,-0.5092766682321319,-0.12062462029872702,1.0299855346493185,0.544700683584278,0.41201737655747017,0.5542281675523103,0.7107783969854004,-1.1252793103314442,1.994922620258813,0.11900628082326765,-0.15110383345069323,0.06302301358112472,0.4104142222621774,2.3025850929940455,2.294960474007886,2.3025850929940455,2.3025850929940455,2.3025850929940455,1.3562356286465858
a0a99e63-609a-4bc1-bd4f-6785a2446e46,64,2000,64,0.032,0.0,0.0,0.0,1.0,1994,1993,0,0,1.0,-1.81970727405,2.89117112429,0.05308473924664062,0.8923441138647592,7.691305182325387,2.1526628287026788,-0.2942666302825,0.004483087817500004,0.32026178434499997,1.1451102487412075,1.6476505065816733,2.587421792724524,10,0.1,0.1,0.5705439115190475,-0.4664263182622323,-0.33911309273191415,0.41872204809566804,-0.004285662607736452,-0.09438474992596156,-0.02081590846946478,0.05660207768971977,-0.9447092659152543,0.5809426013669476,-0.04565484575249618,-0.13712883668333686,-0.01734588578788765,0.07052237273257478,2.3025850929940455,2.3018919458134857,2.3025850929940455,2.3025850929940455,2.3025850929940455,0.01961070303277924
014136a6-c335-46d8-897e-45b633f413f5,6,2000,6,0.003,0.0,0.0,0.0,0.5,1888,3,0,0,1.0,0.4925,6155.200435156555,1052.6997316402774,0.29131571719534743,3757.634467006598,630.9070825140196,0.9450171962775,1.686534392555,117.747539425,0.6736558060399622,0.9208719889146899,19.0430064752891,10,0.1,0.1,0.9726097945133871,-0.8501427637021928,-0.06283666261434039,1.0084830014756425,0.531567184344737,0.3829590096163474,0.6245331546193529,0.6753254111696394,-1.0383559313284187,0.07949387005626729,-0.5362369226243138,-0.7710899694128602,-0.6352635311790678,-0.28756610526337056,2.2284183446741315,0.5610188281867817,0.8788697877337261,1.5752941507228901,2.2056617487182164,0.46668730115673723
690312cf-ea5d-4f2f-9ab5-451ae51ecce1,47,2000,47,0.0235,0.0,0.0,0.0,1.0,1994,1987,0,0,1.0,0.07855426092000001,508.90257163362503,88.63642941472713,0.06655200271465168,124.19249364407261,40.125452921755205,7.744193625027499,69.88189674453501,125.01617680088,4.773453004717248,37.87837791128213,65.14758420495939,10,0.1,0.1,0.9978704215058212,-0.6063830718043419,0.005491522368589959,1.7945995145373357,0.7908300764747556,0.38471544382859957,0.7415928908678653,1.2228746965425867,-0.9914117205299378,4.370101298879657,0.7353956813037789,-0.45835937771755964,0.4440463981400251,1.789298445445402,2.3025850929940455,2.297733062730126,2.3025850929940455,2.3025850929940455,2.3025850929940455,0.7737175592142317
a0431e7e-1d50-49a2-8404-8783538f21e1,64,5620,64,0.011387900355871887,0.0,0.0,0.046875,0.796875,17,1,0,0,1.0,0.0,11.989679715302492,4.911243327402135,0.0,6.518238490323005,3.6862924649286324,0.2749110320284698,4.565569395017794,9.038923487544483,1.0203710342345882,4.301746897924335,5.839329667238898,10,0.10177935943060498,0.09857651245551602,nan,nan,-1.3029924517157274,52.995277771384224,5.280836107519958,-0.2866826742098896,0.49238791053893394,3.630976310785447,-1.6465198529419585,2807.498575815509,163.28656088539032,-1.3660317209584945,0.0,16.136060743501154,0.4746722980139325,6.938893903907228e-16,0.07899330943505613,0.2586435102120793,0.3400500149570417,0.8185124197090927
63ea4b62-7676-4f07-9f56-423d20f9a5b1,16,10992,16,0.001455604075691412,0.0,0.0,0.0,1.0,101,96,0,0,1.0,28.845342066957787,85.12026928675401,50.711045533115,16.21857067549339,41.76039983312199,29.774238237334707,37.84500090975255,48.528930131004365,57.780499454148476,26.833261769726683,30.24149238997945,34.166092819593395,10,0.10407569141193596,0.09597889374090247,0.8572048615098966,-0.7947610252371698,-1.4911828752029335,0.9482646831122145,-0.03919608212030834,-0.32199972864185417,0.08645947162697147,0.3781957027214498,-1.6857931744694539,3.0507472845469255,-0.5010429355334837,-1.0932552837241407,-0.7839021550500713,-0.44198262411519795,0.865630722126151,0.2923784959692097,0.4700811560015934,0.5228095520183458,0.5995258473551588,1.4987870902781906
0018ded6-3d48-4024-9a50-4e4c56db0fac,19,2310,19,0.008225108225108226,0.0,0.0,0.0,0.8421052631578947,1922,1,0,0,1.0,-12.69086035930736,124.91385281385281,24.633144132657645,0.0,72.95653249057908,25.31471448098148,0.22061338863636365,8.24369225068576,35.598597915216445,2.122122113287282,19.571818883227984,43.22460929520193,7,0.14285714285714285,0.14285714285714285,0.9986443747533826,-0.8593020630485585,-0.8853608418421614,16.900935254869907,3.1461715465192825,0.6007726522877932,1.2740806655214196,4.0758532591173395,-1.2158709698911474,339.22109427297494,36.48997020291065,0.07748420512596521,0.5672273871120614,20.458746163103974,1.9052422895643402,0.0,0.6275888809276924,1.2972967455344995,1.4585325736892925,0.521860796744104
d54ecaea-fa1f-45a3-9e3c-75271a3042c0,216,2000,216,0.108,0.0,0.0,0.0,1.0,590,15,0,0,1.0,6.7675,1141.5705,318.27038888888893,1.9854850353031386,153.51158138902835,49.581313183956304,14.945374999999999,146.47975,684.48225,5.560475406006433,30.29006567694612,91.38259290210082,10,0.1,0.1,0.9999989913789304,-0.9122842753396145,-1.073823789069477,0.8630705307139147,0.027560516903782313,-0.21670167862916154,-0.014119361298267893,0.36636535303898976,-1.3893209589478135,1.7012862999932414,-0.3151882007048321,-0.6959690679085959,-0.4026911656287153,0.005310100816747765,1.3803408355001492,0.12829292809100168,0.5064666310298492,0.7071086967402485,1.0125087316755497,0.9050865820908943
048f6035-dbb1-4a1f-be00-bb8810fdd13e,8,768,8,0.010416666666666666,0.0,0.0,0.0,1.0,517,17,0,0,1.0,0.47187630208333325,120.89453125,44.98579117838541,0.3313285950127749,115.24400235133817,25.733742975451573,16.363606770833332,32.61673177083333,71.77897135416667,6.755514755956302,13.85622455420316,22.510009926767637,2,0.6510416666666666,0.3489583333333333,0.5443412284023388,-0.11397026236774202,-1.8436079833551302,2.2722508584315686,0.5292461289375253,-0.02521602475198305,0.5377137404718786,1.327175292435162,-0.5200718661530379,7.214259554348734,2.7753623954423947,0.5203898096669785,1.9668008946784465,5.283855802057657,0.45118180206849473,0.04111026790882456,0.053167572995780385,0.14488000705866344,0.21771995691701662,0.9559028508350625
29a92420-e4f2-4c78-8ce4-37d416ff8ed5,57,4601,57,0.01238861117148446,0.0,0.0,0.0,1.0,2161,38,0,0,1.0,0.005444468593783961,283.28928493805694,6.150770191072116,0.07627427063725171,606.3478507248466,15.193997694546765,0.06483373179743533,0.10285155400999783,0.23941317104977178,0.32855888168991193,0.44405532898215777,0.8257917011289012,2,0.6059552271245382,0.39404477287546186,0.9960660509314077,-0.19768321289180282,1.5916742687064263,31.062064279039618,11.186639096029252,5.956952736311793,9.724847529978328,13.583754916091209,5.257394367988308,1480.6420502863364,241.17001865178602,52.0067979673105,127.37652934851025,296.0883383057384,0.4567526831774532,0.0061156998631428875,0.03437821240293891,0.06612284307109967,0.10522226922895261,0.18354488774469477
3c38dd43-36cc-4300-893f-d890d0500de6,18,846,18,0.02127659574468085,0.0,0.0,0.0,1.0,424,13,0,0,1.0,6.377068557919622,439.9113475177305,117.63494877856581,2.5921383276847205,176.69261361302284,22.770839172096302,41.915780141843975,87.88356973995272,173.26270685579195,6.487098561797145,8.06136271270135,27.489010585693443,4,0.2576832151300236,0.23522458628841608,0.9963180127067283,-0.9733853440542632,-0.22634128032982506,6.778393619108969,1.0415777283622751,0.2579690677873644,0.49824273394603347,0.7730150423885938,-0.9784712963069766,58.375455473631405,5.153140516514746,-0.7315406513140417,-0.44165451580511106,0.11079205731361996,0.9554471468262538,0.07066051333161637,0.1729587655132766,0.2435294628273397,0.4223369608134465,1.165419605264602
c9a0d453-3ae6-4cca-bbd8-c09baf601946,40,5000,40,0.008,0.0,0.0,0.0,1.0,890,511,0,0,1.0,-0.025552000000000002,3.3224680000000006,0.8994882000000001,0.9764529543579736,2.032673796607976,1.2711155969455497,-0.00013899999999999942,0.031811,1.9887299999999999,1.0003495327271166,1.0138703067658228,1.6520091194622197,3,0.3384,0.3306,0.7142054051768846,-0.7103016036378423,-0.2720307815724952,0.2720371073231173,0.0354682736242672,-0.023424837184408475,0.016415358784205282,0.07737627365898866,-0.6790518256314662,0.15060825997501848,-0.19641749321969781,-0.47162248804804696,-0.05122710616512616,0.016901421659911264,0.41541267181823577,0.10959375698761603,0.11916341377981313,0.1280786146962952,0.33611483109237134,0.5244480160223551
76610bfb-7f98-4497-a064-d4159bfdb7fe,36,6430,36,0.005598755832037325,0.0,0.0,0.0,1.0,104,50,0,0,1.0,-0.0008629685847589328,-0.00012632970451011003,-0.0005560885260065681,0.999638743760748,1.000288281975086,1.0000219953862934,-0.0007358243390357698,-0.0005980934681182036,-0.00040562130637637083,0.9999541216921608,1.0000052923045966,1.0001928197257068,6,0.23810264385692068,0.09720062208398134,0.9606621376950074,-0.18482134082228535,-0.67401187227287,0.9194954990162693,0.04046023385100254,-0.253539661947107,-0.03997498280191609,0.262239909074873,-0.919828238780712,1.2779853616658041,-0.15411688047870847,-0.7574280537960465,-0.47984694064052746,0.15470741121267362,0.8252391037370219,0.4580970799590845,0.614437909645921,0.6832073395144428,0.7186937244002586,-0.03208588251371929
ce6b0b92-05a3-4763-8877-544d53c87b14,617,7797,617,0.07913299987174555,0.0,0.0,0.006482982171799027,0.993517017828201,5208,2,0,0,1.0,-0.9855127356675644,0.8118613569321533,0.06479603695807033,0.054925852703403936,0.9401132093589799,0.4140807323633421,-0.13821218417340003,0.20226894959599845,0.41607967166859045,0.340018014135569,0.40596405388020074,0.4943423168560664,26,0.038476337052712584,0.03821982813902783,0.999278563970246,-0.7671150296867674,-2.3670362287960702,10.771901703245772,0.4420674525513642,-0.5841238208289333,-0.08674343383154937,0.5023718314511975,-1.4737498885035127,136.53558205053523,3.6056625652758476,-0.7366639046817585,-0.33016785936744997,0.36787659077689483,2.7903226514681547,0.07545541259580063,1.344968101106934,2.3756308501074503,2.6221125961530296,0.1054209926409777
6c724e17-6d86-4e9f-b304-2941edc5b33d,14,9961,14,0.0014054813773717498,0.0,0.0,0.0,1.0,9935,29,0,0,1.0,-0.528715657664893,20.364320851320148,2.0532722924190057,0.09799855892164563,15.878836157411271,1.7055517441171655,-0.20161066845698222,-0.035201366077703036,0.22892851197168962,0.16509714947457574,0.22715601717489242,0.36528217477995834,9,0.16203192450557172,0.07850617407890774,0.6614984225553654,-0.6717224653060158,-0.3778450818905159,1.6968856421615541,0.10983669969140226,-0.23771326205188825,0.07469886495967765,0.21129560655693014,-0.8638008103013561,3.795248193837212,-0.03718575752005525,-0.4434472771228297,-0.22106090185246607,-0.14544885645315053,2.1682015247257835,0.04981796422668657,2.1571845794793725,2.1626083715768347,2.1657660110906467,0.3513704853149415
3d9fc9a3-3742-4ae5-b8d8-34398ef1f8be,70,841,70,0.08323424494649227,0.0,0.0,0.0,0.9714285714285714,137,6,0,0,1.0,0.4447086801426873,77.3602853745541,10.12524205877357,0.8045103166246644,31.071726420905666,5.356526083946353,3.150713436385256,5.030915576694412,11.744946492271106,2.530204854280909,3.9026397665965296,6.008015147842138,4,0.3769322235434007,0.06539833531510107,0.7064584203986464,-0.5620243086490473,-0.040708920607292226,4.087186736805096,1.1147021119329896,0.7070351586093244,1.032253904459783,1.3259063967778864,-0.7902615862988762,21.231717234335733,2.359129460351537,0.3659530886551239,1.4141229803280666,2.3838711607049334,0.6051864487108942,0.02705162938965072,0.11835308797506357,0.1948397513736833,0.2563144592082297,0.7119113650602142
0ce1d9c3-465a-4d86-bdbc-6bbf32e0e9fb,100,1212,100,0.08250825082508251,0.0,0.0,0.0,1.0,1179,1152,0,0,1.0,8089.071014851485,8315.012442244224,8174.051207590756,17668.9838635218,18604.50732991915,18000.312937840914,8140.712904290429,8169.533242574256,8197.216415016503,17873.393767501242,17981.70216050184,18112.546022026425,2,0.5,0.5,0.9983805273565236,0.9826713388385849,2.9210287269728523,3.1683960782890757,3.004676288304383,2.969879128598085,2.9976159790121435,3.0324042495809245,8.821395553031193,11.469108762047735,9.587345867784956,9.216236931469496,9.460293755502263,9.895212861644124,0.6778459636966419,0.653955011897879,0.6639310751478333,0.6677563793636592,0.6708695992417331,16.378504765121114
8ab372a9-6fc4-44c2-9d59-7ba88d5f11df,5,5404,5,0.000925240562546262,0.0,0.0,0.0,1.0,5336,4499,0,0,1.0,-6.698741671634649e-08,6.106587715138097e-09,-1.228719466634929e-08,0.9999999984765453,1.0000000160707911,1.0000000046167208,-9.437453733867282e-09,3.3308660259608365e-09,5.5514433773683875e-09,1.0000000009852947,1.0000000030876302,1.000000004463343,2,0.7065136935603257,0.2934863064396743,0.024420747867900182,-0.3169700760099944,0.20949485050057118,1.4823930527848355,0.7794652586095031,0.4762719129014734,0.4842310006900059,1.2449354761706297,-0.8572834809908949,1.7651174033133659,0.3397489886095505,-0.46083567928491176,-0.3066496518690358,1.558396351879229,0.6047307577466403,0.5067487769134519,0.6017152628799032,0.6020433534677604,0.6037046331270104,-0.03908910993122012
5d26c47e-4481-4a5c-b708-e498944125c1,72,2534,72,0.028413575374901343,0.0,0.0,0.0,1.0,1688,56,0,0,1.0,-10.511409688239938,10164.198441985003,296.494606499841,0.24285789396290144,77.41011008760526,7.570160866371554,1.9047330311760062,4.815862994080505,20.671634679262034,1.166978145210349,6.228337109415218,7.043254327981835,2,0.9368587213891081,0.06314127861089187,0.9980373203406123,-0.6834930264201667,-1.3083589753871412,7.376460911548437,0.08595601481419576,-0.6533107166021908,0.04714941192692532,0.4810672650383735,-0.9765331961089543,77.65898710476424,1.4930547521290787,-0.2588458243762688,0.20588392761271224,1.0585655051009926,0.17947007869493473,0.01134862788001907,0.02629369973393319,0.04898862342649426,0.06609152166709106,0.21030583454447668
f84330c1-c779-4edf-ba0e-cd1aec7fe66a,64,1600,64,0.04,0.0,0.0,0.0,1.0,121,10,0,0,1.0,0.00015502750000000003,0.041258590625,0.015624954072265624,0.0014982408147409404,0.05157053598823419,0.01683786917183727,0.00880640328125,0.0150664865625,0.020359151875000002,0.01119656376522701,0.01570442427155911,0.021061045533742485,100,0.01,0.01,0.8733863877715303,-0.6058836454050814,0.6879918937288562,12.44911358319005,2.222772154304514,1.1571869770010914,1.7601530954303015,2.6786211386996985,-0.1679263627685459,182.36839909469796,10.547112529418087,1.2421600387901393,3.2723448709374354,8.089867923000345,1.7686794264070633,0.06862684637869053,0.9678612354342878,1.1967253404844143,1.3625473789517617,0.8203763959997589
55d8c4a8-595b-474e-9fbf-f363915435c0,500,2600,500,0.19230769230769232,0.0,0.0,0.0,0.984,585,5,0,0,1.0,475.7761538461538,517.7488461538461,488.0610338461538,0.5957395278041479,133.64132156388848,24.752039667546956,480.1130769230769,485.00653846153847,494.3148076923077,11.696042148066866,23.36274467507583,35.55682194040902,2,0.5,0.5,0.9903674982521765,-0.7372840155417643,-0.11914881996316223,0.17175350207412884,0.03294974368985285,-0.0027907650167069897,0.03326610912717956,0.07095217573982279,-0.9638894528844371,0.5734776935094326,0.08333149342440886,0.02606698463454704,0.09616220991881952,0.17980450407721416,0.15026648982788587,0.000977964352361439,0.01575245921062541,0.030312017105130533,0.04342059884941435,15.520053963437592
67183ed1-83d6-4dd1-8694-c83a930908c9,128,13910,128,0.009202012940330698,0.0,0.0,0.0,1.0,13910,13820,0,0,1.0,-72.75395134054638,57340.10458531992,2791.463331668445,0.5286604730352191,69844.78595155034,2729.3079146825203,-4.680914080337886,5.368967517361609,15.014672162275343,4.3668134557417035,9.633951814084234,24.563837899460744,6,0.21631919482386772,0.1179726815240834,0.999649352894568,-0.956951099827487,-87.6538739680584,117.93489594364833,4.620309058926347,-2.246627745903943,1.295466113702954,2.5327108785683548,-0.07402877055661383,13909.092980810638,1037.1486781860258,4.275586957424455,10.323210247482486,80.06596598822017,1.764541888954863,1.7584869530846456,1.7634456101646172,1.7639937495597402,1.7643425655384548,0.2860447373092187
bdcd7bd6-277d-4d28-bdd0-c1f1636a690b,561,10299,561,0.05447130789397029,0.0,0.0,0.0,1.0,10274,26,0,0,1.0,-0.9845489552383726,0.8302754956791922,-0.5086202175851141,0.037128164350110085,0.7494800592618116,0.2792315145321125,-0.8682412791533158,-0.660284334498495,-0.105693035440334,0.1895474104979422,0.26311639943893406,0.35688453739988185,6,0.1887561899213516,0.13651810855422858,0.9999997474914616,-0.9951946764641065,-3.4904020922605037,14.02948376996412,1.6370975866256499,0.1548353508819454,0.8690285490639635,2.4032110376039197,-1.847353386120558,373.4292822820405,13.66295685092545,-0.26933263917435113,0.5868977420794392,8.735824661306015,1.7830707934718142,0.14866257887047024,1.4004755594357083,1.7380934445039256,1.775802136757524,-0.9911379841794077
72a448d8-3968-4103-8b22-e1bc627f2b84,33,1941,33,0.017001545595054096,0.0,0.0,0.24242424242424243,0.7272727272727273,1940,2,0,0,1.0,-0.1313050489438434,1650738.705306543,106447.78586589232,0.058961169352050105,1774590.089000213,123291.9455607813,0.2071097372488408,0.6105286450283359,111.85522926326635,0.273520941316037,0.48235199045248917,144.5778233152919,2,0.6532715095311695,0.3467284904688305,0.999999972710473,-1.0,-0.9285824124769839,39.29315840666627,3.645896647451612,0.29346776007579034,0.8514222506284619,2.8112131771546096,-1.8563564132863817,1663.0518475718236,91.64638873109898,-1.0446546901039913,0.18930051226114086,11.357193596470207,0.6453978896979568,2.8367024322961676e-05,0.07349073234249334,0.14053730742995324,0.32409835340664284,0.26832516888762764
2748129e-4105-41c3-8d60-ded839fbedb8,64,1599,64,0.04002501563477173,0.0,0.0,0.0,1.0,224,61,0,0,1.0,0.002636543464665416,0.03681690869293309,0.015625021996169483,0.01018709246684881,0.0737780741643749,0.02696152492138746,0.010468586772983115,0.015445169480925579,0.020218087085678554,0.016061173725608634,0.02265927541495965,0.032281579064321095,100,0.010006253908692933,0.009380863039399626,0.8065039540317834,-0.41530405184007924,0.9591721289897138,8.900152680588947,3.1430156657780968,2.261256137119792,2.8558125829937673,3.542474218175777,0.9751113331392096,119.52655818606684,15.691933328202131,6.470611468207478,11.292757899130034,15.394337492189393,1.875536609714256,0.43453234587648304,1.2705718099047967,1.4856026166479745,1.6554146840863657,0.606603449505286
0a23396c-56fa-4e53-b50c-7ab54a492a01,256,1593,256,0.16070307595731326,0.0,0.0,1.0,0.0,2,2,0,0,1.0,0.04080351537978657,0.6465787821720025,0.3286252354048964,0.19789687479331494,0.5000622975823859,0.4553505374478151,0.2591023226616447,0.3248587570621469,0.39014438166980536,0.4382793582180118,0.46846899572873796,0.4870714868421331,10,0.1016949152542373,0.0973006905210295,0.8087707444857817,-0.3873830864353185,-0.6138373506227719,4.646599171369229,0.8093820477591855,0.45085424546326863,0.7486578591262749,1.1006706995469138,-2.0009955944216604,19.615509432021742,-0.9633611989432418,-1.78401687744446,-1.4413202169411754,-0.7895141994628349,0.336409043555709,0.020122633763509756,0.06835726303257808,0.09433635296407038,0.12839833938022605,0.7019854422861989
b4dee532-f81c-4a16-92ef-09f7b6844a33,41,1055,41,0.03886255924170616,0.0,0.0,0.07317073170731707,0.7073170731707317,1022,2,0,0,1.0,-0.19712890995260665,37.055639810426534,2.683521574384464,0.030142956511920213,11.895889198588335,1.5943960155554693,0.12985781990521328,1.1311061611374407,2.5584170616113746,0.25601042273089053,0.8313081690630232,1.9635211137337352,2,0.6625592417061611,0.33744075829383885,0.9226494500596479,-0.7869774574748616,-1.7621976606259546,26.845983240149796,3.7986392200533006,1.5162809776994413,2.6154182195602247,5.526470742090062,-0.2218803903887987,812.7240263780749,44.713237485593524,3.7741380451331943,11.774168018977988,43.08415227032675,0.6130428741308747,0.0031362171145040774,0.03446250420517416,0.07296625623539262,0.2959289989904655,0.42816848133136826
fa6f0598-3cc8-4d52-b75f-3638b540d9e6,30,569,30,0.05272407732864675,0.0,0.0,0.0,1.0,547,411,0,0,1.0,0.0037949033391915642,880.5831282952548,61.89071233954306,0.0026460715239778453,569.356992669949,34.904718603211656,0.06808466168717048,0.21771345342706505,15.73371528998243,0.019254057862879356,0.07272607466098199,4.106789032678232,2,0.6274165202108963,0.37258347978910367,0.9978552814938113,-0.3116308263092901,0.4154259962824533,5.447186284898409,1.7404066285207491,1.0187666205348647,1.4175537695584057,1.8915088503392337,-0.5355351225188669,49.20907650724131,7.814734825110256,0.995799086524675,3.022590146044781,5.323029158306234,0.653007240085633,0.49887113307174774,0.5955107461683258,0.6321368936803502,0.6432617612728395,0.32892394141553155
af35218b-826c-4c4b-aecd-77a0a77c4ce3,24,5456,24,0.004398826979472141,0.0,0.0,0.0,1.0,2068,971,0,0,1.0,0.9102730938416422,3.3511130865102645,2.04579234634653,0.8028011371159747,1.7154346324867165,1.2512399704111543,1.4042409274193546,2.1581315065982407,2.611173616202346,1.1340119681398035,1.2870112595521057,1.3883133997922514,4,0.4041422287390029,0.060117302052785926,0.6268029981803247,-0.37233827154185306,0.017563948445045614,3.8301415530945087,1.5222576378064705,0.7568810839971671,1.1760736714534112,2.1767857881999926,-1.6045954541833347,14.349591863774847,2.368822458469763,-0.9447872241017289,-0.07701671670886823,5.534244135969477,0.7861748958373148,0.5215491881750957,0.6057853610613739,0.6397698463786418,0.6720356741898652,1.481615246125602
9fd2ad08-ac37-420e-88c3-7cf476f30751,64,1600,64,0.04,0.0,0.0,0.0,1.0,824,697,0,0,1.0,0.000540908125,0.000736605625,0.00060469328125,0.00023816167134437343,0.0003828293566988475,0.00029219977471656026,0.00055073234375,0.0005844118749999999,0.000645471875,0.00025216053372232255,0.0002713343136228738,0.0003317285706580891,100,0.01,0.01,0.9938475759701444,0.151385551561126,0.29007525811861035,2.3068271186312295,1.3909364214830486,0.6267575371606919,1.7115279097069873,2.009442608996344,-0.11698359065735842,8.411753128946952,3.8033559277269737,1.422806472108673,4.277258959679846,5.463074670156897,3.829555418290942,3.6418739099820243,3.687899422793804,3.710238741398767,3.7474141724356693,4.824292913325836
ebe607b6-341d-464f-a0b6-0ddb7d0cf587,40,5500,40,0.007272727272727273,0.0,0.0,0.0,1.0,1309,696,0,0,1.0,-1.0983054545454547,-0.2421590909090909,-0.6055166227272728,0.13897688217291818,0.34836591446759374,0.2332013017456772,-0.6666866818181818,-0.5804279999999999,-0.48962363636363637,0.2011789170493441,0.222246727329651,0.2528814391398206,11,0.09090909090909091,0.09090909090909091,0.9916512761290452,0.27425646247865304,-1.1402409817139285,2.6688506796156073,0.28531363757298855,-0.2478163300527877,0.02715653994473498,0.4721944148492712,-1.080511792253373,11.448611212293704,1.1981350593397138,-0.592904668426202,0.0306640667946525,1.0678294453109547,1.5214226309487295,0.7766586390532525,1.0747826073141347,1.2235552385208108,1.367148310525076,-2.893765187001175
a8cfe9e4-de08-4d8e-957f-03bd2f4ba731,7,500,7,0.014,0.0,0.0,1.0,0.0,2,2,0,0,1.0,0.396,0.818,0.6565714285714286,0.38623095253668466,0.49232587738110833,0.4572941952931062,0.626,0.67,0.73,0.44438120414810434,0.4706836370348397,0.48152824590145116,10,0.114,0.074,0.3985331058558242,-0.23494923106432694,-1.6532963313105247,0.4265826667894672,-0.726411711618879,-1.0394115368006758,-0.7252545765089368,-0.5270453333504033,-1.8727595404529411,0.7363180226322958,-1.1173581845411078,-1.6797567715697865,-1.4799416454808325,-0.9228052926733519,0.38598009762880214,0.1867182500253059,0.2448949884557961,0.29472227909586624,0.3453046446285287,1.3794696769953392
d632c012-a672-4138-9a7f-ae8de8c64007,32,9873,32,0.0032411627671427123,0.0,0.0,0.0,1.0,9844,8304,0,0,1.0,-1.4722551402815766e-05,0.011116396597791959,0.001309779307676238,0.0009539442477959246,0.013351214902817656,0.005340125416350268,-6.559657652182747e-07,1.231754431277221e-05,0.00033317571609439885,0.0017975365991835359,0.0043446380701508795,0.0083981089512958,5,0.2987946925959688,0.10108376380026335,0.9427847840453628,-0.25627274464473404,-1.883855887972145,7.171537944883619,0.953503583747385,-0.5174162595026752,0.2510938167743828,2.3308180644323615,7.601727432067921,193.89795794738023,47.822308711805036,11.328040600803243,32.23273656863208,47.89119130004428,1.51811887564045,1.3532054202286519,1.4808922965105684,1.495079161032377,1.5148191777283346,0.2713547611354521
