fID,eID
51d170bf-4964-4990-b3b1-6cb4310b1e4a,868e0171-0349-4dc0-ac38-2d9d3fb6b1ce
9621f2ff-fbbb-4d3f-9007-4d7693d998ea,9a7fc512-d3c6-46ce-b57d-5bd686b30db5
622f51f0-b52e-433c-a51c-de7463629a14,b5da02ea-cefe-40e3-81b4-f8066ba6e392
592d3861-42e9-4735-b81a-d01ae6b70dd1,a25f6516-9ddc-46f5-9ac6-4f4f67ae3547
bd2f8a11-0ad8-4944-b259-f031bb8fcd4d,fa2ab8c2-b52b-42a4-8a85-fe4cb0809daa
04bd2751-cd1d-4b93-8c39-38dac2829f62,de7974c7-9d40-4124-8895-5917ab2e8b39
41512d79-272e-479e-9d04-f2763dd95914,63298847-bfee-456a-9810-c195b92656e2
47184717-32ec-4c50-af43-85af303ff777,d6989b69-d681-4857-85da-4a046304668b
40aef813-403b-4b02-8a14-68ea1b36f2d5,68bb5525-7395-4d00-8a98-aabf207843c6
c0ef222f-e486-4261-b928-d0defa3d27a3,7a4e4692-41a9-408a-b1d9-ac7781cc15d3
fbd4793d-015e-4e22-bca0-c43eeb100012,b8223815-aa19-45ac-8481-80720ebe2c5a
196c13ec-9eeb-4bd0-ba2e-687e614cbb5a,6086e14f-3071-4e07-83f7-154c16eb1c02
8a36e541-a8a0-47eb-8512-26667375b340,1a17096e-fa2d-4964-8f9e-18d726b09b01
3ebc40be-3bef-486d-8381-a0196ffce596,9e04f9cf-b90f-4eb4-be2f-c3e7450eb2e1
d007ea8f-fc9b-4b3f-b60f-2a14ee82b887,607b693a-1c51-4371-8bdf-d042452c30e7
0ed8c812-3069-4125-9e5f-752c3f090a91,d9be5c87-e91d-44cc-b406-33d739000b29
27390640-2eb9-47c6-9e58-19ffed66e59f,7d0d9f7b-2441-4b1e-89b4-082ab2f6733b
7e537840-b575-47f6-898d-2e0599f6f657,044a6b15-9102-4ef2-8702-f94e3ce1fb9b
aeb55cd6-4670-44e9-8a57-30080c6fb59c,44003a94-8d21-4682-862d-a83617b3b988
6f560487-944c-4495-93ec-7285f2a0cd09,43476c8b-c606-42f1-b567-651c345f95c5
a0a99e63-609a-4bc1-bd4f-6785a2446e46,693ff75e-61fb-4a19-8784-200b9f70a2f0
014136a6-c335-46d8-897e-45b633f413f5,728118ed-ed95-4d2d-bc4d-fb1077c069fb
690312cf-ea5d-4f2f-9ab5-451ae51ecce1,cdd3fbef-fd4e-4563-93f8-39ad98aeff2c
a0431e7e-1d50-49a2-8404-8783538f21e1,b3c9e1f4-bcf9-44dc-ae5b-d25c4a4deb32
63ea4b62-7676-4f07-9f56-423d20f9a5b1,6f12a41a-fee3-414c-82b4-c1b75ab189be
0018ded6-3d48-4024-9a50-4e4c56db0fac,bf75a525-8253-4346-967c-6efb792d1213
d54ecaea-fa1f-45a3-9e3c-75271a3042c0,1b880049-3f47-4351-9335-b7fd5aeb854a
048f6035-dbb1-4a1f-be00-bb8810fdd13e,3b577a1f-8df3-405c-a001-e4ae64909be9
29a92420-e4f2-4c78-8ce4-37d416ff8ed5,13da63c7-d2d0-4e16-9113-deb4aef4ff66
3c38dd43-36cc-4300-893f-d890d0500de6,ffbe72b7-1dad-40a3-a071-dd34d4a5e107
c9a0d453-3ae6-4cca-bbd8-c09baf601946,8d10cd46-25c6-4144-b0b4-086358847e19
76610bfb-7f98-4497-a064-d4159bfdb7fe,91cc29cc-e7bf-4e14-baff-af3f4832be8a
ce6b0b92-05a3-4763-8877-544d53c87b14,71bdced8-b65a-471f-a497-4368c248116f
6c724e17-6d86-4e9f-b304-2941edc5b33d,18f544e5-640e-44b2-a884-490ed07f2004
3d9fc9a3-3742-4ae5-b8d8-34398ef1f8be,8ef24a7d-3915-4fdc-bdd1-5071f7100a2c
0ce1d9c3-465a-4d86-bdbc-6bbf32e0e9fb,e162fc09-7974-434e-8d63-fe85fc10949e
8ab372a9-6fc4-44c2-9d59-7ba88d5f11df,579fbdd2-f476-4c3e-a763-d883b24b7b8f
6e94a052-3571-45ca-b087-35968ee9d3f5,1df8b3f4-e6e9-4a1c-a4dc-e2ba868a8324
5d26c47e-4481-4a5c-b708-e498944125c1,cdf1e0eb-dfd2-47ed-9a20-203069db5624
f84330c1-c779-4edf-ba0e-cd1aec7fe66a,f0d7f7bc-c3d9-4b3f-bf8f-0cf26a4b55fb
55d8c4a8-595b-474e-9fbf-f363915435c0,85070f54-9239-4996-bc67-f9e751ccfd1c
67183ed1-83d6-4dd1-8694-c83a930908c9,588e9c60-e1c7-44af-9b27-ca15c71ed8a9
bdcd7bd6-277d-4d28-bdd0-c1f1636a690b,a066963f-db86-4ee1-9a15-82afeaa43787
72a448d8-3968-4103-8b22-e1bc627f2b84,c102a12f-3e05-4c7d-9c66-21e1a7e1cf0d
2748129e-4105-41c3-8d60-ded839fbedb8,4df9d511-2f6c-497d-bce5-4d61683be49d
0a23396c-56fa-4e53-b50c-7ab54a492a01,25e26843-0074-4457-9281-23730dbe3863
b4dee532-f81c-4a16-92ef-09f7b6844a33,de2afb66-9579-4c6a-95ca-8d5ff5b4d5c9
fa6f0598-3cc8-4d52-b75f-3638b540d9e6,8c2a4fd3-965c-40a7-a8ba-58dc7a95150c
af35218b-826c-4c4b-aecd-77a0a77c4ce3,5a4b70c4-ade8-4e29-91b4-fe22db596c7a
9fd2ad08-ac37-420e-88c3-7cf476f30751,6e61a4ea-0342-48c1-85c2-607de5afe2db
ebe607b6-341d-464f-a0b6-0ddb7d0cf587,11188260-d801-4fc5-9b87-435938f67d5d
a8cfe9e4-de08-4d8e-957f-03bd2f4ba731,29e90694-a81d-4712-a2d3-52e820af1ad5
d632c012-a672-4138-9a7f-ae8de8c64007,6f3bb5b2-110c-49e3-adf4-c292abf171d4
