fID,eID,trees
51d170bf-4964-4990-b3b1-6cb4310b1e4a,205f5da4-4658-4c3b-9e0d-fcf546114e17,100
51d170bf-4964-4990-b3b1-6cb4310b1e4a,dd90875a-bc94-4b39-ad00-0dafee65fa42,200
51d170bf-4964-4990-b3b1-6cb4310b1e4a,cd698635-db59-4722-ad30-1ec5abf57287,300
51d170bf-4964-4990-b3b1-6cb4310b1e4a,29a391fb-dd97-4915-8109-02676cc10135,400
9621f2ff-fbbb-4d3f-9007-4d7693d998ea,887f449a-6aff-4be1-96d5-790350e9a0b7,100
9621f2ff-fbbb-4d3f-9007-4d7693d998ea,65311005-1644-485b-8285-07d800f0f16a,200
9621f2ff-fbbb-4d3f-9007-4d7693d998ea,566a4a04-e403-4d2a-92b5-238d24cba97f,300
9621f2ff-fbbb-4d3f-9007-4d7693d998ea,47f77f69-ccd7-4276-bf42-275c3ebc5358,400
622f51f0-b52e-433c-a51c-de7463629a14,d139a1a4-3aa5-4124-b70b-2797109910d5,100
622f51f0-b52e-433c-a51c-de7463629a14,1b73bf33-2a31-4665-a91b-30ad2fbfc94e,200
622f51f0-b52e-433c-a51c-de7463629a14,f42e4570-e7fc-45ff-88cb-bc1f4bbb83f2,300
622f51f0-b52e-433c-a51c-de7463629a14,f6cfab39-42b0-4db8-a2c6-a9077e66178d,400
592d3861-42e9-4735-b81a-d01ae6b70dd1,2660dafa-d50f-48c0-b53e-8ab7499c5089,100
592d3861-42e9-4735-b81a-d01ae6b70dd1,8e7d7889-145c-41be-bf26-bed3ca36c8f3,200
592d3861-42e9-4735-b81a-d01ae6b70dd1,508196fd-e160-455d-a008-b9bdb9563294,300
592d3861-42e9-4735-b81a-d01ae6b70dd1,16b4f86c-c58b-431e-be87-9119670e039f,400
bd2f8a11-0ad8-4944-b259-f031bb8fcd4d,87aab4e9-0f70-42d3-894e-8f6780da7888,100
bd2f8a11-0ad8-4944-b259-f031bb8fcd4d,eb3b13a7-f478-4303-be7b-265967ddbc12,200
bd2f8a11-0ad8-4944-b259-f031bb8fcd4d,91d62d8b-f4ce-4fcf-9ad4-2009e395d0c3,300
bd2f8a11-0ad8-4944-b259-f031bb8fcd4d,8873e583-ea95-4bb3-9949-760c9753c76c,400
04bd2751-cd1d-4b93-8c39-38dac2829f62,39e1e292-82c1-4cd8-b197-a609feb5c1dc,100
04bd2751-cd1d-4b93-8c39-38dac2829f62,651b377a-3474-46f8-9651-da6e18bd20de,200
04bd2751-cd1d-4b93-8c39-38dac2829f62,047073aa-5413-44a1-9da0-4fe7f2f0eba9,300
04bd2751-cd1d-4b93-8c39-38dac2829f62,6dd67075-6f1f-4013-b478-d602fb927b03,400
41512d79-272e-479e-9d04-f2763dd95914,22e50222-5785-4170-ac8f-9234fc7e12a8,100
41512d79-272e-479e-9d04-f2763dd95914,5e86632d-1abd-418b-9eb8-c1deb646eb3b,200
41512d79-272e-479e-9d04-f2763dd95914,f317bbe7-caed-4375-a09b-cd3be927cbcb,300
41512d79-272e-479e-9d04-f2763dd95914,b9631f12-791c-4bcb-9cd9-ea61e5de9fdf,400
47184717-32ec-4c50-af43-85af303ff777,650fb281-64c1-422a-9ac6-f1be1294f925,100
47184717-32ec-4c50-af43-85af303ff777,6182b360-4bd6-43e4-9dfd-6c1c0ce60706,200
47184717-32ec-4c50-af43-85af303ff777,ae6b9b84-c3f2-4fec-80dc-2ea7e881200a,300
47184717-32ec-4c50-af43-85af303ff777,d43ab65c-1e61-427e-b645-7ce26fbe4235,400
40aef813-403b-4b02-8a14-68ea1b36f2d5,9be7a5e6-ff94-4b67-9ba0-32f3106334a9,100
40aef813-403b-4b02-8a14-68ea1b36f2d5,4c46ff3a-1250-477c-9ea9-115af0491c33,200
40aef813-403b-4b02-8a14-68ea1b36f2d5,2d11fe93-4614-46fc-a873-c0dee6f5aaea,300
40aef813-403b-4b02-8a14-68ea1b36f2d5,4f30d7f6-032d-4a31-a3b8-7ffd7936f6bb,400
c0ef222f-e486-4261-b928-d0defa3d27a3,278a9a54-34e8-4827-a927-c6a03d8e8ef3,100
c0ef222f-e486-4261-b928-d0defa3d27a3,f94d011e-7ea1-4d80-b714-063319000c17,200
c0ef222f-e486-4261-b928-d0defa3d27a3,be7206bd-a19c-4f7d-a8d9-09cfe486c640,300
c0ef222f-e486-4261-b928-d0defa3d27a3,c46e09ae-0e17-414d-a885-245c46fab1fa,400
fbd4793d-015e-4e22-bca0-c43eeb100012,d6e62ab1-d5bf-4066-a6f6-603664d2967f,100
fbd4793d-015e-4e22-bca0-c43eeb100012,33829a72-af83-419e-9c05-1de3fa8618f5,200
fbd4793d-015e-4e22-bca0-c43eeb100012,b5eeb809-f81c-4e9f-b14b-82c5560b088d,300
fbd4793d-015e-4e22-bca0-c43eeb100012,be0fbd51-c804-4152-a777-f0b8a2387c93,400
196c13ec-9eeb-4bd0-ba2e-687e614cbb5a,73e40162-deb1-4300-9ae4-4ce598786d8c,100
196c13ec-9eeb-4bd0-ba2e-687e614cbb5a,2656b841-f4cf-468b-80a8-cbb70b23618e,200
196c13ec-9eeb-4bd0-ba2e-687e614cbb5a,c4d6bc26-8058-4361-8ffe-6ab5923e702e,300
196c13ec-9eeb-4bd0-ba2e-687e614cbb5a,f33704a6-d2a2-4cde-9ca8-0194add2c68f,400
8a36e541-a8a0-47eb-8512-26667375b340,c0ce3510-36ba-4568-ad52-9aa0639e8ab3,100
8a36e541-a8a0-47eb-8512-26667375b340,bb4e7a10-eab0-4f1f-bbd7-43625c051534,200
8a36e541-a8a0-47eb-8512-26667375b340,f0f08ba5-ecb6-4c9a-b993-3a567de403ee,300
8a36e541-a8a0-47eb-8512-26667375b340,b68d23a2-59a7-489b-b8bb-17bf726d279f,400
3ebc40be-3bef-486d-8381-a0196ffce596,5a465f73-4566-4d7f-b075-db83c275d39c,100
3ebc40be-3bef-486d-8381-a0196ffce596,4dd61678-c3bc-404a-85fb-b3c546e83ece,200
3ebc40be-3bef-486d-8381-a0196ffce596,1d2059da-87b7-418f-ae94-033fbc428900,300
3ebc40be-3bef-486d-8381-a0196ffce596,3464a423-1985-49e0-bdcd-aaa84cda8dba,400
d007ea8f-fc9b-4b3f-b60f-2a14ee82b887,45df16ef-ac4f-4ae7-9146-82817e2a79ab,100
d007ea8f-fc9b-4b3f-b60f-2a14ee82b887,fef5bfe5-fcc0-4783-af71-2eb1a2ff92f7,200
d007ea8f-fc9b-4b3f-b60f-2a14ee82b887,9636b421-4545-4e5e-b606-52818a578ae7,300
d007ea8f-fc9b-4b3f-b60f-2a14ee82b887,0d19e0d9-2e42-4f95-bab7-c6f2e0701bb9,400
0ed8c812-3069-4125-9e5f-752c3f090a91,cdf2ae97-4bad-46ea-93bb-e9fc7dc37fc7,100
0ed8c812-3069-4125-9e5f-752c3f090a91,681ad77e-df8c-44f2-9083-3f8b8ea84a4e,200
0ed8c812-3069-4125-9e5f-752c3f090a91,bb2a5160-8e14-412c-ae12-c1b9792e0538,300
0ed8c812-3069-4125-9e5f-752c3f090a91,cb06b287-e6c7-497e-becd-280f7466ab2a,400
27390640-2eb9-47c6-9e58-19ffed66e59f,d0814d36-1cdf-49ab-a5e9-2294cbcfcce7,100
27390640-2eb9-47c6-9e58-19ffed66e59f,3d72cca9-d73e-4dcb-a7fe-5240a5e8827f,200
27390640-2eb9-47c6-9e58-19ffed66e59f,70bfba71-9b95-449b-8177-ed4052dd1db6,300
27390640-2eb9-47c6-9e58-19ffed66e59f,89184af0-914d-49c3-ba07-44400019ca3f,400
7e537840-b575-47f6-898d-2e0599f6f657,fb0e90bd-d498-4c9f-8037-052908bdfba3,100
7e537840-b575-47f6-898d-2e0599f6f657,0827ac35-425a-4b29-9202-e987d692f26a,200
7e537840-b575-47f6-898d-2e0599f6f657,82bd9458-8277-4611-938c-c9598e9a9f3f,300
7e537840-b575-47f6-898d-2e0599f6f657,4931541d-2b61-4a38-bca1-2e9456c5192b,400
aeb55cd6-4670-44e9-8a57-30080c6fb59c,a43370ba-e13d-4240-8bf8-c91cf100d3b6,100
aeb55cd6-4670-44e9-8a57-30080c6fb59c,b0a7fb1d-5691-4608-9ebd-965987b20e2a,200
aeb55cd6-4670-44e9-8a57-30080c6fb59c,04e5103c-2828-4914-9610-07b4ad9dfd2e,300
aeb55cd6-4670-44e9-8a57-30080c6fb59c,e8affd02-8b50-4179-9a95-9eac647541e4,400
6f560487-944c-4495-93ec-7285f2a0cd09,28e9eb06-b663-4b27-80d5-408ddbd9879e,100
6f560487-944c-4495-93ec-7285f2a0cd09,d8103a63-59a7-4056-9dfd-dd71233917cc,200
6f560487-944c-4495-93ec-7285f2a0cd09,c53ceeac-ac8e-4f15-9edc-3876b0e48369,300
6f560487-944c-4495-93ec-7285f2a0cd09,87c400fc-65c3-47ed-8564-4f53ec509c08,400
a0a99e63-609a-4bc1-bd4f-6785a2446e46,81c90802-28c7-4c44-b7f3-bc57f9b28a46,100
a0a99e63-609a-4bc1-bd4f-6785a2446e46,2127be1b-aad8-48fa-95a7-e1420251ecd8,200
a0a99e63-609a-4bc1-bd4f-6785a2446e46,edcff05c-bb88-4841-be8b-10a7f94608bc,300
a0a99e63-609a-4bc1-bd4f-6785a2446e46,e3908ecd-53a8-48a5-965a-53c2bedfa948,400
014136a6-c335-46d8-897e-45b633f413f5,c88ddaaf-0e34-4493-b66b-62b36c940617,100
014136a6-c335-46d8-897e-45b633f413f5,1f6f100f-e44f-4113-af97-98f1b836416d,200
014136a6-c335-46d8-897e-45b633f413f5,962f0c54-f190-4bc7-be02-5e7198767514,300
014136a6-c335-46d8-897e-45b633f413f5,43eab8a0-f32a-435e-9c46-7fe79d25b02c,400
690312cf-ea5d-4f2f-9ab5-451ae51ecce1,665fa039-e84e-4762-a79b-ebff5497c0fc,100
690312cf-ea5d-4f2f-9ab5-451ae51ecce1,289f5dca-15d8-401b-a263-545cc9328c4e,200
690312cf-ea5d-4f2f-9ab5-451ae51ecce1,d43c0905-a3bc-4d35-bd53-86de78b4265a,300
690312cf-ea5d-4f2f-9ab5-451ae51ecce1,b1249e10-066a-4e6d-a7f8-abb97c16031b,400
a0431e7e-1d50-49a2-8404-8783538f21e1,b3cd126c-4720-417d-8d7b-3c2f99152da7,100
a0431e7e-1d50-49a2-8404-8783538f21e1,ba2f363a-c6e4-4974-9321-a4c80e13b07c,200
a0431e7e-1d50-49a2-8404-8783538f21e1,4dc86a87-0bc4-4c93-b0b7-c72f2e7cb5cb,300
a0431e7e-1d50-49a2-8404-8783538f21e1,cd70ca25-683f-4f9c-9b09-bfa573ba220f,400
63ea4b62-7676-4f07-9f56-423d20f9a5b1,85ecb259-d475-4405-9d12-e9f0fa83680d,100
63ea4b62-7676-4f07-9f56-423d20f9a5b1,32b0f60b-9281-408c-a80d-80901d8a41ea,200
63ea4b62-7676-4f07-9f56-423d20f9a5b1,89de11f9-fe8e-4607-8475-50c9accdf464,300
63ea4b62-7676-4f07-9f56-423d20f9a5b1,789afda0-d0d6-45e0-8579-4a5bb3785907,400
0018ded6-3d48-4024-9a50-4e4c56db0fac,68df05df-92f1-414b-bb05-ddee0d35a5c7,100
0018ded6-3d48-4024-9a50-4e4c56db0fac,4956f738-4a51-4157-833d-a71f201e3fe3,200
0018ded6-3d48-4024-9a50-4e4c56db0fac,723c5838-4878-4fef-9495-580a9de183cd,300
0018ded6-3d48-4024-9a50-4e4c56db0fac,3c73e549-0f33-458a-be41-6f977c7e5b0c,400
d54ecaea-fa1f-45a3-9e3c-75271a3042c0,10c99d9c-db04-419e-b0b3-58a32fc6a790,100
d54ecaea-fa1f-45a3-9e3c-75271a3042c0,8d7b04be-30ad-4fa9-91b6-d9b0dfe83c84,200
d54ecaea-fa1f-45a3-9e3c-75271a3042c0,45910198-2bac-4faf-b83b-7451df1b2bad,300
d54ecaea-fa1f-45a3-9e3c-75271a3042c0,14895325-4f9a-44c7-b29d-0230461ace48,400
048f6035-dbb1-4a1f-be00-bb8810fdd13e,b4af6923-af9f-4b11-8e8e-d6432a9ac619,100
048f6035-dbb1-4a1f-be00-bb8810fdd13e,b4edcda5-d174-470c-926e-41d40a8998bd,200
048f6035-dbb1-4a1f-be00-bb8810fdd13e,88d0c0e9-32ba-4f2c-943d-86b7d85f07b0,300
048f6035-dbb1-4a1f-be00-bb8810fdd13e,ce74747e-57ec-45af-a59b-b777f61071b8,400
29a92420-e4f2-4c78-8ce4-37d416ff8ed5,5e221ac0-abf8-4d99-a4c6-7d2fe57d291b,100
29a92420-e4f2-4c78-8ce4-37d416ff8ed5,4e940778-029d-452d-8e53-34bad95eafcb,200
29a92420-e4f2-4c78-8ce4-37d416ff8ed5,cee3cbf7-2be1-4c47-a767-3814835a706f,300
29a92420-e4f2-4c78-8ce4-37d416ff8ed5,0ef88f07-66cd-4ac5-870d-ec7a1d0b3d69,400
3c38dd43-36cc-4300-893f-d890d0500de6,73bce7eb-3770-4eae-9301-1ed5013915f2,100
3c38dd43-36cc-4300-893f-d890d0500de6,2df5d8dd-c538-441d-8e7a-4fac845aa4e5,200
3c38dd43-36cc-4300-893f-d890d0500de6,dd6f5a9c-9bd8-441e-8734-4ce90be0b8fc,300
3c38dd43-36cc-4300-893f-d890d0500de6,16f51ca5-14d7-4a38-b005-f9eaf88c9a0e,400
c9a0d453-3ae6-4cca-bbd8-c09baf601946,52143d80-b93b-4e72-be06-b79e5146ccbb,100
c9a0d453-3ae6-4cca-bbd8-c09baf601946,833d750f-db05-4a61-84c5-28c85575e720,200
c9a0d453-3ae6-4cca-bbd8-c09baf601946,414b8f5f-ceac-4aa8-94b0-b539712aa345,300
c9a0d453-3ae6-4cca-bbd8-c09baf601946,aa5efcab-435f-4ee8-8160-9cb2fe778245,400
76610bfb-7f98-4497-a064-d4159bfdb7fe,e3131dc6-30f4-4e57-a7d9-79719d2c7cca,100
76610bfb-7f98-4497-a064-d4159bfdb7fe,cb9efe55-a37f-48c9-a79a-d7b81877ccd6,200
76610bfb-7f98-4497-a064-d4159bfdb7fe,ae9fd087-43cb-4d82-b53b-67721b41f343,300
76610bfb-7f98-4497-a064-d4159bfdb7fe,2dd10702-db3f-40bf-9719-019031d02cb2,400
ce6b0b92-05a3-4763-8877-544d53c87b14,a4ccf314-d76d-40ad-b399-015676da4c33,100
ce6b0b92-05a3-4763-8877-544d53c87b14,5ea8da5f-36b5-4484-82e3-968ff6b954e8,200
ce6b0b92-05a3-4763-8877-544d53c87b14,7dee6698-9108-46fd-9b01-b509693910ad,300
ce6b0b92-05a3-4763-8877-544d53c87b14,7fe063c2-0d62-43a6-adac-1bbc96208c2d,400
6c724e17-6d86-4e9f-b304-2941edc5b33d,c9bdb938-f2cc-480c-a135-2c9cab58aabd,100
6c724e17-6d86-4e9f-b304-2941edc5b33d,fd15a3a3-b426-43bc-bae5-7723d89e803e,200
6c724e17-6d86-4e9f-b304-2941edc5b33d,5dc1e3c9-3ed5-404d-ac61-42e68f9f2ce7,300
6c724e17-6d86-4e9f-b304-2941edc5b33d,1bae5094-e871-4cb6-8c22-3cc3369bf34b,400
3d9fc9a3-3742-4ae5-b8d8-34398ef1f8be,7157a1ee-c38b-4f96-b89c-0459b4e3f9ce,100
3d9fc9a3-3742-4ae5-b8d8-34398ef1f8be,9cd591f6-ff88-4772-b0cc-69757722e7d9,200
3d9fc9a3-3742-4ae5-b8d8-34398ef1f8be,1fc2f9bf-766a-41e0-9852-0394c15c7daf,300
3d9fc9a3-3742-4ae5-b8d8-34398ef1f8be,1583703b-31d0-43bd-8532-364b40bb617c,400
0ce1d9c3-465a-4d86-bdbc-6bbf32e0e9fb,a8e08d9d-5db6-450f-872f-6ada2c56a99f,100
0ce1d9c3-465a-4d86-bdbc-6bbf32e0e9fb,64a4dd10-f1f7-472e-b16e-9d25667c770b,200
0ce1d9c3-465a-4d86-bdbc-6bbf32e0e9fb,6725e134-3203-4a69-8044-c25e1d9339c4,300
0ce1d9c3-465a-4d86-bdbc-6bbf32e0e9fb,688d5fa6-cdfe-4bd3-92b5-caba9ad251b8,400
8ab372a9-6fc4-44c2-9d59-7ba88d5f11df,46caee4f-bfe4-4dae-af6f-b2e346e728e8,100
8ab372a9-6fc4-44c2-9d59-7ba88d5f11df,43cafd12-2a65-41e8-aeb5-948cc7e681c2,200
8ab372a9-6fc4-44c2-9d59-7ba88d5f11df,24bc5852-5a28-4df8-8d98-7ae748690b15,300
8ab372a9-6fc4-44c2-9d59-7ba88d5f11df,2619d25c-09a1-4280-a196-8446633303ca,400
6e94a052-3571-45ca-b087-35968ee9d3f5,bb69af23-b26a-44a6-8596-21ea41db4a0d,100
6e94a052-3571-45ca-b087-35968ee9d3f5,de818fe5-b768-47d0-b61b-78a043dc935e,200
6e94a052-3571-45ca-b087-35968ee9d3f5,2fff7049-94fc-47ad-8391-52f9bd217641,300
6e94a052-3571-45ca-b087-35968ee9d3f5,faea18ec-4320-4940-823c-d0eb981bf74f,400
5d26c47e-4481-4a5c-b708-e498944125c1,d6290a06-c3c9-4339-89d2-12bb7b6b918b,100
5d26c47e-4481-4a5c-b708-e498944125c1,8e93efac-9ba7-4fe6-abdc-6873488615fc,200
5d26c47e-4481-4a5c-b708-e498944125c1,fce00561-97cc-4c7e-9473-f446ab54021b,300
5d26c47e-4481-4a5c-b708-e498944125c1,6136ca39-340d-4ef0-acb8-7b3adb9d8d41,400
f84330c1-c779-4edf-ba0e-cd1aec7fe66a,1899ffe5-335d-4b6d-9199-610c2dd30fe5,100
f84330c1-c779-4edf-ba0e-cd1aec7fe66a,4f162ecf-6277-4780-a093-219a65dc8c34,200
f84330c1-c779-4edf-ba0e-cd1aec7fe66a,8c92f2f4-6e9a-4b04-8c3c-9b6e379fd051,300
f84330c1-c779-4edf-ba0e-cd1aec7fe66a,5118e399-ed0f-41ba-94d1-885e697443f7,400
55d8c4a8-595b-474e-9fbf-f363915435c0,354eac7e-8a07-4ed0-b645-858fae959c82,100
55d8c4a8-595b-474e-9fbf-f363915435c0,3e71dfb5-bd64-4852-9237-ed2612301870,200
55d8c4a8-595b-474e-9fbf-f363915435c0,e615d4a5-7bd5-4686-9113-0deacdece3c4,300
55d8c4a8-595b-474e-9fbf-f363915435c0,672a9b53-d32a-4351-a6c4-4835c0ee1456,400
67183ed1-83d6-4dd1-8694-c83a930908c9,21cad286-c70b-44d9-b675-f3e0ae90ccc4,100
67183ed1-83d6-4dd1-8694-c83a930908c9,0d32dcc2-5c27-4e0a-9559-ee5fc37ce6de,200
67183ed1-83d6-4dd1-8694-c83a930908c9,6d9b9cd2-13b5-4beb-a5b8-e26c684de304,300
67183ed1-83d6-4dd1-8694-c83a930908c9,1ebc3437-d563-4b52-8e4c-5917d4ec72d9,400
bdcd7bd6-277d-4d28-bdd0-c1f1636a690b,28699223-8176-4aa1-a2b2-0008450fcd08,100
bdcd7bd6-277d-4d28-bdd0-c1f1636a690b,ce32d037-6844-427f-b360-d3967d06990c,200
bdcd7bd6-277d-4d28-bdd0-c1f1636a690b,a0639c5f-9548-433f-8916-9f90ba29a21f,300
bdcd7bd6-277d-4d28-bdd0-c1f1636a690b,d1b6465a-126a-4642-b351-cedf51eeca67,400
72a448d8-3968-4103-8b22-e1bc627f2b84,457bd6cd-deb2-453e-84f5-a9f3216e7078,100
72a448d8-3968-4103-8b22-e1bc627f2b84,10fc73f8-09a2-4a8a-9c91-9a056175d8b4,200
72a448d8-3968-4103-8b22-e1bc627f2b84,03ca3019-7fec-4aa5-8faa-b5d98fa0b7ae,300
72a448d8-3968-4103-8b22-e1bc627f2b84,c2150447-1a5c-4b71-b842-f3d77f875745,400
2748129e-4105-41c3-8d60-ded839fbedb8,61386f68-8be0-46e6-8cce-490ff8c806df,100
2748129e-4105-41c3-8d60-ded839fbedb8,bd9a0666-e13d-485e-8dab-3786ee790c02,200
2748129e-4105-41c3-8d60-ded839fbedb8,12f2440d-ff8e-4972-aad5-652e5c5b38a5,300
2748129e-4105-41c3-8d60-ded839fbedb8,ac75fda3-8193-4bdc-9878-8743498c6384,400
0a23396c-56fa-4e53-b50c-7ab54a492a01,4f86704d-b3fc-43fb-a9d2-3981e6b0371c,100
0a23396c-56fa-4e53-b50c-7ab54a492a01,f5ac907b-7905-4327-b472-4118ecaa1e44,200
0a23396c-56fa-4e53-b50c-7ab54a492a01,544437e4-d5e4-464c-87e7-fa2c73ba3ea4,300
0a23396c-56fa-4e53-b50c-7ab54a492a01,782a58c8-5f1e-496e-bf4c-c16f973cc193,400
b4dee532-f81c-4a16-92ef-09f7b6844a33,96bc91e3-5b54-4a37-91b2-26c21c8692f7,100
b4dee532-f81c-4a16-92ef-09f7b6844a33,68b9743a-06c6-4ae1-91a7-fb559ed9d65d,200
b4dee532-f81c-4a16-92ef-09f7b6844a33,db3ef77f-addf-4f58-af71-bee78d6ca776,300
b4dee532-f81c-4a16-92ef-09f7b6844a33,20be44c6-c433-44df-b626-4bc52406b34e,400
fa6f0598-3cc8-4d52-b75f-3638b540d9e6,9f3d3d2f-8945-4110-a029-7bd05ccbce7b,100
fa6f0598-3cc8-4d52-b75f-3638b540d9e6,06ec18f8-d1e3-47d0-93ed-294696db2af5,200
fa6f0598-3cc8-4d52-b75f-3638b540d9e6,c421247d-b6f8-4957-a31d-c853bf4611ed,300
fa6f0598-3cc8-4d52-b75f-3638b540d9e6,5815764b-f2b2-48c9-9830-3f947e5aed12,400
af35218b-826c-4c4b-aecd-77a0a77c4ce3,7faa5220-05e2-4e8a-aa93-6922faddbc49,100
af35218b-826c-4c4b-aecd-77a0a77c4ce3,0f7d6a19-062e-42df-98b1-f548fc8f00b6,200
af35218b-826c-4c4b-aecd-77a0a77c4ce3,0eea57a5-81ba-4b86-a46a-f74cb8290729,300
af35218b-826c-4c4b-aecd-77a0a77c4ce3,ae945323-5a67-4058-8521-a2961513eccd,400
9fd2ad08-ac37-420e-88c3-7cf476f30751,fba43cbb-b392-4e83-8c8f-e4cd03cf0650,100
9fd2ad08-ac37-420e-88c3-7cf476f30751,ee9e7ff5-8dc7-47f3-aef2-a9ccee6375f3,200
9fd2ad08-ac37-420e-88c3-7cf476f30751,bed05279-1bf0-485b-b54f-ee6ff9f76f8d,300
9fd2ad08-ac37-420e-88c3-7cf476f30751,bbf3c7b9-014e-4832-a60f-9e9d4b296bff,400
ebe607b6-341d-464f-a0b6-0ddb7d0cf587,cecea3fe-f6bc-40a8-b6a4-001796bd4174,100
ebe607b6-341d-464f-a0b6-0ddb7d0cf587,22c5eea1-9da0-444f-b420-03c5aaae9337,200
ebe607b6-341d-464f-a0b6-0ddb7d0cf587,e58d4615-7142-4875-921a-cbf13b1c2840,300
ebe607b6-341d-464f-a0b6-0ddb7d0cf587,82199631-7513-4fbf-9630-0ddc9d274dcd,400
a8cfe9e4-de08-4d8e-957f-03bd2f4ba731,f2bda0e2-89b9-454b-914d-9eb73af1f9c6,100
a8cfe9e4-de08-4d8e-957f-03bd2f4ba731,fba71eee-6370-4be2-8022-f88b557f4c72,200
a8cfe9e4-de08-4d8e-957f-03bd2f4ba731,dc9b6b04-6b4f-4d08-84e7-9ef4b4929fb8,300
a8cfe9e4-de08-4d8e-957f-03bd2f4ba731,71f6a0fb-3195-4bb9-a5f4-1a3858a606d8,400
d632c012-a672-4138-9a7f-ae8de8c64007,6bcf4549-7242-488a-8b90-675a392cc37a,100
d632c012-a672-4138-9a7f-ae8de8c64007,9b0a723b-7dd2-4c77-b39e-a96e35e598f5,200
d632c012-a672-4138-9a7f-ae8de8c64007,7139e5de-9e38-4a8f-8004-c04333d84913,300
d632c012-a672-4138-9a7f-ae8de8c64007,087ff199-506d-40d7-bd47-6a99041521bf,400
