fID,eID,trees,Dask Used,Preprocessing Technique,Classifier,Rows,Columns,Classes,Accuracy,F1 Score_1,Precision_1,Recall_1,F1 Score,Precision,Recall,time
51d170bf-4964-4990-b3b1-6cb4310b1e4a,205f5da4-4658-4c3b-9e0d-fcf546114e17,100,FALSE,None,RF,1000,21,2,0.784,0.859375,0.800970874,0.926966292,0.859375,0.800970874,0.926966292,0.250676845
51d170bf-4964-4990-b3b1-6cb4310b1e4a,dd90875a-bc94-4b39-ad00-0dafee65fa42,200,FALSE,None,RF,1000,21,2,0.76,0.844559585,0.783653846,0.915730337,0.844559585,0.783653846,0.915730337,0.382320494
51d170bf-4964-4990-b3b1-6cb4310b1e4a,cd698635-db59-4722-ad30-1ec5abf57287,300,FALSE,None,RF,1000,21,2,0.784,0.860103627,0.798076923,0.93258427,0.860103627,0.798076923,0.93258427,0.574758886
51d170bf-4964-4990-b3b1-6cb4310b1e4a,29a391fb-dd97-4915-8109-02676cc10135,400,FALSE,None,RF,1000,21,2,0.792,0.864583333,0.805825243,0.93258427,0.864583333,0.805825243,0.93258427,0.767465015
9621f2ff-fbbb-4d3f-9007-4d7693d998ea,887f449a-6aff-4be1-96d5-790350e9a0b7,100,FALSE,None,RF,3468,971,2,0.925028835,0.925544101,0.922374429,0.928735632,0.925544101,0.922374429,0.928735632,1.558376975
9621f2ff-fbbb-4d3f-9007-4d7693d998ea,65311005-1644-485b-8285-07d800f0f16a,200,FALSE,None,RF,3468,971,2,0.930795848,0.931506849,0.925170068,0.937931034,0.931506849,0.925170068,0.937931034,2.994263793
9621f2ff-fbbb-4d3f-9007-4d7693d998ea,566a4a04-e403-4d2a-92b5-238d24cba97f,300,FALSE,None,RF,3468,971,2,0.928489043,0.928571429,0.930715935,0.926436782,0.928571429,0.930715935,0.926436782,4.484749056
9621f2ff-fbbb-4d3f-9007-4d7693d998ea,47f77f69-ccd7-4276-bf42-275c3ebc5358,400,FALSE,None,RF,3468,971,2,0.926182238,0.926940639,0.920634921,0.933333333,0.926940639,0.920634921,0.933333333,5.9816797
622f51f0-b52e-433c-a51c-de7463629a14,d139a1a4-3aa5-4124-b70b-2797109910d5,100,FALSE,None,RF,1109,22,2,0.924460432,0.322580645,0.714285714,0.208333333,0.322580645,0.714285714,0.208333333,0.26804369
622f51f0-b52e-433c-a51c-de7463629a14,1b73bf33-2a31-4665-a91b-30ad2fbfc94e,200,FALSE,None,RF,1109,22,2,0.920863309,0.266666667,0.666666667,0.166666667,0.266666667,0.666666667,0.166666667,0.419603475
622f51f0-b52e-433c-a51c-de7463629a14,f42e4570-e7fc-45ff-88cb-bc1f4bbb83f2,300,FALSE,None,RF,1109,22,2,0.920863309,0.266666667,0.666666667,0.166666667,0.266666667,0.666666667,0.166666667,0.625289485
622f51f0-b52e-433c-a51c-de7463629a14,f6cfab39-42b0-4db8-a2c6-a9077e66178d,400,FALSE,None,RF,1109,22,2,0.920863309,0.266666667,0.666666667,0.166666667,0.266666667,0.666666667,0.166666667,0.836355774
592d3861-42e9-4735-b81a-d01ae6b70dd1,2660dafa-d50f-48c0-b53e-8ab7499c5089,100,FALSE,None,RF,2109,22,2,0.852272727,0.380952381,0.6,0.279069767,0.380952381,0.6,0.279069767,0.338400639
592d3861-42e9-4735-b81a-d01ae6b70dd1,8e7d7889-145c-41be-bf26-bed3ca36c8f3,200,FALSE,None,RF,2109,22,2,0.846590909,0.372093023,0.558139535,0.279069767,0.372093023,0.558139535,0.279069767,0.563186423
592d3861-42e9-4735-b81a-d01ae6b70dd1,508196fd-e160-455d-a008-b9bdb9563294,300,FALSE,None,RF,2109,22,2,0.852272727,0.390625,0.595238095,0.290697674,0.390625,0.595238095,0.290697674,0.845121206
592d3861-42e9-4735-b81a-d01ae6b70dd1,16b4f86c-c58b-431e-be87-9119670e039f,400,FALSE,None,RF,2109,22,2,0.850378788,0.396946565,0.577777778,0.302325581,0.396946565,0.577777778,0.302325581,1.127743148
bd2f8a11-0ad8-4944-b259-f031bb8fcd4d,87aab4e9-0f70-42d3-894e-8f6780da7888,100,FALSE,None,RF,15545,6,2,0.953691793,0.966666667,0.94530967,0.989010989,0.966666667,0.94530967,0.989010989,1.359222991
bd2f8a11-0ad8-4944-b259-f031bb8fcd4d,eb3b13a7-f478-4303-be7b-265967ddbc12,200,FALSE,None,RF,15545,6,2,0.956779007,0.968865827,0.948132028,0.990526715,0.968865827,0.948132028,0.990526715,2.674696774
bd2f8a11-0ad8-4944-b259-f031bb8fcd4d,91d62d8b-f4ce-4fcf-9ad4-2009e395d0c3,300,FALSE,None,RF,15545,6,2,0.955492668,0.967992599,0.945770065,0.991284577,0.967992599,0.945770065,0.991284577,4.03325755
bd2f8a11-0ad8-4944-b259-f031bb8fcd4d,8873e583-ea95-4bb3-9949-760c9753c76c,400,FALSE,None,RF,15545,6,2,0.954720864,0.967431532,0.945388788,0.990526715,0.967431532,0.945388788,0.990526715,5.367038012
04bd2751-cd1d-4b93-8c39-38dac2829f62,39e1e292-82c1-4cd8-b197-a609feb5c1dc,100,FALSE,None,RF,1563,38,2,0.907928389,0.25,0.6,0.157894737,0.25,0.6,0.157894737,0.340636542
04bd2751-cd1d-4b93-8c39-38dac2829f62,651b377a-3474-46f8-9651-da6e18bd20de,200,FALSE,None,RF,1563,38,2,0.905370844,0.177777778,0.571428571,0.105263158,0.177777778,0.571428571,0.105263158,0.56754281
04bd2751-cd1d-4b93-8c39-38dac2829f62,047073aa-5413-44a1-9da0-4fe7f2f0eba9,300,FALSE,None,RF,1563,38,2,0.89769821,0.166666667,0.4,0.105263158,0.166666667,0.4,0.105263158,0.85374125
04bd2751-cd1d-4b93-8c39-38dac2829f62,6dd67075-6f1f-4013-b478-d602fb927b03,400,FALSE,None,RF,1563,38,2,0.900255754,0.204081633,0.454545455,0.131578947,0.204081633,0.454545455,0.131578947,1.133476379
41512d79-272e-479e-9d04-f2763dd95914,22e50222-5785-4170-ac8f-9234fc7e12a8,100,FALSE,None,RF,10218,8,10,0.91037182,0.91037182,0.91037182,0.91037182,0.908361349,0.909165443,0.908840729,0.868295416
41512d79-272e-479e-9d04-f2763dd95914,5e86632d-1abd-418b-9eb8-c1deb646eb3b,200,FALSE,None,RF,10218,8,10,0.907240705,0.907240705,0.907240705,0.907240705,0.90527655,0.905331838,0.90638995,1.729272902
41512d79-272e-479e-9d04-f2763dd95914,f317bbe7-caed-4375-a09b-cd3be927cbcb,300,FALSE,None,RF,10218,8,10,0.908023483,0.908023483,0.908023483,0.908023483,0.906877421,0.906888465,0.907857817,2.623952332
41512d79-272e-479e-9d04-f2763dd95914,b9631f12-791c-4bcb-9cd9-ea61e5de9fdf,400,FALSE,None,RF,10218,8,10,0.909589041,0.909589041,0.909589041,0.909589041,0.907482572,0.907075941,0.908854278,3.482267815
47184717-32ec-4c50-af43-85af303ff777,650fb281-64c1-422a-9ac6-f1be1294f925,100,FALSE,None,RF,19020,12,2,0.999789695,0.999699248,1,0.999398677,0.999699248,1,0.999398677,1.311988378
47184717-32ec-4c50-af43-85af303ff777,6182b360-4bd6-43e4-9dfd-6c1c0ce60706,200,FALSE,None,RF,19020,12,2,0.999789695,0.999699248,1,0.999398677,0.999699248,1,0.999398677,2.814949433
47184717-32ec-4c50-af43-85af303ff777,ae6b9b84-c3f2-4fec-80dc-2ea7e881200a,300,FALSE,None,RF,19020,12,2,0.999789695,0.999699248,1,0.999398677,0.999699248,1,0.999398677,4.01322089
47184717-32ec-4c50-af43-85af303ff777,d43ab65c-1e61-427e-b645-7ce26fbe4235,400,FALSE,None,RF,19020,12,2,0.999789695,0.999699248,1,0.999398677,0.999699248,1,0.999398677,5.492496735
40aef813-403b-4b02-8a14-68ea1b36f2d5,9be7a5e6-ff94-4b67-9ba0-32f3106334a9,100,FALSE,None,RF,1458,38,2,0.887671233,0.388059701,0.928571429,0.245283019,0.388059701,0.928571429,0.245283019,0.304031488
40aef813-403b-4b02-8a14-68ea1b36f2d5,4c46ff3a-1250-477c-9ea9-115af0491c33,200,FALSE,None,RF,1458,38,2,0.887671233,0.388059701,0.928571429,0.245283019,0.388059701,0.928571429,0.245283019,0.488350995
40aef813-403b-4b02-8a14-68ea1b36f2d5,2d11fe93-4614-46fc-a873-c0dee6f5aaea,300,FALSE,None,RF,1458,38,2,0.890410959,0.393939394,1,0.245283019,0.393939394,1,0.245283019,0.731275832
40aef813-403b-4b02-8a14-68ea1b36f2d5,4f30d7f6-032d-4a31-a3b8-7ffd7936f6bb,400,FALSE,None,RF,1458,38,2,0.893150685,0.434782609,0.9375,0.283018868,0.434782609,0.9375,0.283018868,0.972098172
c0ef222f-e486-4261-b928-d0defa3d27a3,278a9a54-34e8-4827-a927-c6a03d8e8ef3,100,FALSE,None,RF,522,22,2,0.809160305,0.489795918,0.571428571,0.428571429,0.489795918,0.571428571,0.428571429,0.205196168
c0ef222f-e486-4261-b928-d0defa3d27a3,f94d011e-7ea1-4d80-b714-063319000c17,200,FALSE,None,RF,522,22,2,0.801526718,0.5,0.541666667,0.464285714,0.5,0.541666667,0.464285714,0.326291679
c0ef222f-e486-4261-b928-d0defa3d27a3,be7206bd-a19c-4f7d-a8d9-09cfe486c640,300,FALSE,None,RF,522,22,2,0.816793893,0.52,0.590909091,0.464285714,0.52,0.590909091,0.464285714,0.489126196
c0ef222f-e486-4261-b928-d0defa3d27a3,c46e09ae-0e17-414d-a885-245c46fab1fa,400,FALSE,None,RF,522,22,2,0.816793893,0.5,0.6,0.428571429,0.5,0.6,0.428571429,0.65112208
fbd4793d-015e-4e22-bca0-c43eeb100012,d6e62ab1-d5bf-4066-a6f6-603664d2967f,100,FALSE,None,RF,14980,15,2,0.919626168,0.911444543,0.945088469,0.880113636,0.911444543,0.945088469,0.880113636,2.089226239
fbd4793d-015e-4e22-bca0-c43eeb100012,33829a72-af83-419e-9c05-1de3fa8618f5,200,FALSE,None,RF,14980,15,2,0.921495327,0.913171884,0.950799508,0.878409091,0.913171884,0.950799508,0.878409091,4.077618777
fbd4793d-015e-4e22-bca0-c43eeb100012,b5eeb809-f81c-4e9f-b14b-82c5560b088d,300,FALSE,None,RF,14980,15,2,0.926034713,0.918696801,0.950212508,0.889204545,0.918696801,0.950212508,0.889204545,6.12503758
fbd4793d-015e-4e22-bca0-c43eeb100012,be0fbd51-c804-4152-a777-f0b8a2387c93,400,FALSE,None,RF,14980,15,2,0.926568758,0.919378481,0.949727438,0.890909091,0.919378481,0.949727438,0.890909091,8.137020605
196c13ec-9eeb-4bd0-ba2e-687e614cbb5a,73e40162-deb1-4300-9ae4-4ce598786d8c,100,FALSE,None,RF,6118,52,6,0.600653595,0.600653595,0.600653595,0.600653595,0.502993814,0.538992574,0.485497222,1.69002624
196c13ec-9eeb-4bd0-ba2e-687e614cbb5a,2656b841-f4cf-468b-80a8-cbb70b23618e,200,FALSE,None,RF,6118,52,6,0.610457516,0.610457516,0.610457516,0.610457516,0.517834507,0.549710486,0.501287976,3.26877522
196c13ec-9eeb-4bd0-ba2e-687e614cbb5a,c4d6bc26-8058-4361-8ffe-6ab5923e702e,300,FALSE,None,RF,6118,52,6,0.61372549,0.61372549,0.61372549,0.61372549,0.514761758,0.545715003,0.498710644,4.92400761
196c13ec-9eeb-4bd0-ba2e-687e614cbb5a,f33704a6-d2a2-4cde-9ca8-0194add2c68f,400,FALSE,None,RF,6118,52,6,0.608496732,0.608496732,0.608496732,0.608496732,0.507288149,0.539534928,0.491551758,6.619736868
8a36e541-a8a0-47eb-8512-26667375b340,c0ce3510-36ba-4568-ad52-9aa0639e8ab3,100,FALSE,None,RF,625,5,3,0.796178344,0.796178344,0.796178344,0.796178344,0.580832119,0.580237358,0.586580087,0.194498434
8a36e541-a8a0-47eb-8512-26667375b340,bb4e7a10-eab0-4f1f-bbd7-43625c051534,200,FALSE,None,RF,625,5,3,0.802547771,0.802547771,0.802547771,0.802547771,0.579420579,0.577441077,0.590909091,0.300514354
8a36e541-a8a0-47eb-8512-26667375b340,f0f08ba5-ecb6-4c9a-b993-3a567de403ee,300,FALSE,None,RF,625,5,3,0.815286624,0.815286624,0.815286624,0.815286624,0.586451247,0.578754579,0.5995671,0.448983797
8a36e541-a8a0-47eb-8512-26667375b340,b68d23a2-59a7-489b-b8bb-17bf726d279f,400,FALSE,None,RF,625,5,3,0.808917197,0.808917197,0.808917197,0.808917197,0.58384069,0.578966927,0.594516595,0.597575556
3ebc40be-3bef-486d-8381-a0196ffce596,5a465f73-4566-4d7f-b075-db83c275d39c,100,FALSE,None,RF,748,5,2,0.711229947,0.307692308,0.4,0.25,0.307692308,0.4,0.25,0.205153927
3ebc40be-3bef-486d-8381-a0196ffce596,4dd61678-c3bc-404a-85fb-b3c546e83ece,200,FALSE,None,RF,748,5,2,0.71657754,0.311688312,0.413793103,0.25,0.311688312,0.413793103,0.25,0.326237195
3ebc40be-3bef-486d-8381-a0196ffce596,1d2059da-87b7-418f-ae94-033fbc428900,300,FALSE,None,RF,748,5,2,0.71657754,0.311688312,0.413793103,0.25,0.311688312,0.413793103,0.25,0.494395569
3ebc40be-3bef-486d-8381-a0196ffce596,3464a423-1985-49e0-bdcd-aaa84cda8dba,400,FALSE,None,RF,748,5,2,0.705882353,0.285714286,0.379310345,0.229166667,0.285714286,0.379310345,0.229166667,0.654777047
d007ea8f-fc9b-4b3f-b60f-2a14ee82b887,45df16ef-ac4f-4ae7-9146-82817e2a79ab,100,FALSE,None,RF,2126,36,10,1,1,1,1,1,1,1,0.312776538
d007ea8f-fc9b-4b3f-b60f-2a14ee82b887,fef5bfe5-fcc0-4783-af71-2eb1a2ff92f7,200,FALSE,None,RF,2126,36,10,1,1,1,1,1,1,1,0.511137285
d007ea8f-fc9b-4b3f-b60f-2a14ee82b887,9636b421-4545-4e5e-b606-52818a578ae7,300,FALSE,None,RF,2126,36,10,1,1,1,1,1,1,1,0.756891847
d007ea8f-fc9b-4b3f-b60f-2a14ee82b887,0d19e0d9-2e42-4f95-bab7-c6f2e0701bb9,400,FALSE,None,RF,2126,36,10,1,1,1,1,1,1,1,1.018986739
0ed8c812-3069-4125-9e5f-752c3f090a91,cdf2ae97-4bad-46ea-93bb-e9fc7dc37fc7,100,FALSE,None,RF,1080,857,9,0.92962963,0.92962963,0.92962963,0.92962963,0.927116917,0.929262268,0.929562363,0.355953105
0ed8c812-3069-4125-9e5f-752c3f090a91,681ad77e-df8c-44f2-9083-3f8b8ea84a4e,200,FALSE,None,RF,1080,857,9,0.92962963,0.92962963,0.92962963,0.92962963,0.926960655,0.929196505,0.929382586,0.590517777
0ed8c812-3069-4125-9e5f-752c3f090a91,bb2a5160-8e14-412c-ae12-c1b9792e0538,300,FALSE,None,RF,1080,857,9,0.918518519,0.918518519,0.918518519,0.918518519,0.915718955,0.920493615,0.918938687,0.883141378
0ed8c812-3069-4125-9e5f-752c3f090a91,cb06b287-e6c7-497e-becd-280f7466ab2a,400,FALSE,None,RF,1080,857,9,0.925925926,0.925925926,0.925925926,0.925925926,0.922803793,0.926680706,0.925678883,1.175742161
27390640-2eb9-47c6-9e58-19ffed66e59f,d0814d36-1cdf-49ab-a5e9-2294cbcfcce7,100,FALSE,None,RF,1372,5,2,0.991253644,0.99009901,0.993377483,0.986842105,0.99009901,0.993377483,0.986842105,0.237425258
27390640-2eb9-47c6-9e58-19ffed66e59f,3d72cca9-d73e-4dcb-a7fe-5240a5e8827f,200,FALSE,None,RF,1372,5,2,0.994169096,0.993377483,1,0.986842105,0.993377483,1,0.986842105,0.393640417
27390640-2eb9-47c6-9e58-19ffed66e59f,70bfba71-9b95-449b-8177-ed4052dd1db6,300,FALSE,None,RF,1372,5,2,0.994169096,0.993377483,1,0.986842105,0.993377483,1,0.986842105,0.59067077
27390640-2eb9-47c6-9e58-19ffed66e59f,89184af0-914d-49c3-ba07-44400019ca3f,400,FALSE,None,RF,1372,5,2,0.994169096,0.993377483,1,0.986842105,0.993377483,1,0.986842105,0.78439885
7e537840-b575-47f6-898d-2e0599f6f657,fb0e90bd-d498-4c9f-8037-052908bdfba3,100,FALSE,None,RF,20000,17,26,0.9594,0.9594,0.9594,0.9594,0.959258096,0.959874239,0.959284834,1.975663039
7e537840-b575-47f6-898d-2e0599f6f657,0827ac35-425a-4b29-9202-e987d692f26a,200,FALSE,None,RF,20000,17,26,0.9612,0.9612,0.9612,0.9612,0.961112614,0.961668381,0.961142379,3.852531575
7e537840-b575-47f6-898d-2e0599f6f657,82bd9458-8277-4611-938c-c9598e9a9f3f,300,FALSE,None,RF,20000,17,26,0.9614,0.9614,0.9614,0.9614,0.961257997,0.961819869,0.961279702,5.820196656
7e537840-b575-47f6-898d-2e0599f6f657,4931541d-2b61-4a38-bca1-2e9456c5192b,400,FALSE,None,RF,20000,17,26,0.961,0.961,0.961,0.961,0.9608108,0.961261126,0.960830772,7.759461679
aeb55cd6-4670-44e9-8a57-30080c6fb59c,a43370ba-e13d-4240-8bf8-c91cf100d3b6,100,FALSE,None,RF,540,21,2,0.918518519,0.957528958,0.918518519,1,0.957528958,0.918518519,1,0.22160454
aeb55cd6-4670-44e9-8a57-30080c6fb59c,b0a7fb1d-5691-4608-9ebd-965987b20e2a,200,FALSE,None,RF,540,21,2,0.925925926,0.96124031,0.925373134,1,0.96124031,0.925373134,1,0.360461856
aeb55cd6-4670-44e9-8a57-30080c6fb59c,04e5103c-2828-4914-9610-07b4ad9dfd2e,300,FALSE,None,RF,540,21,2,0.918518519,0.957528958,0.918518519,1,0.957528958,0.918518519,1,0.538455976
aeb55cd6-4670-44e9-8a57-30080c6fb59c,e8affd02-8b50-4179-9a95-9eac647541e4,400,FALSE,None,RF,540,21,2,0.925925926,0.96124031,0.925373134,1,0.96124031,0.925373134,1,0.713597812
6f560487-944c-4495-93ec-7285f2a0cd09,28e9eb06-b663-4b27-80d5-408ddbd9879e,100,FALSE,None,RF,2000,77,10,0.828,0.828,0.828,0.828,0.827689042,0.829768232,0.826359901,0.888974446
6f560487-944c-4495-93ec-7285f2a0cd09,d8103a63-59a7-4056-9dfd-dd71233917cc,200,FALSE,None,RF,2000,77,10,0.834,0.834,0.834,0.834,0.833399805,0.834515122,0.833369955,1.661074643
6f560487-944c-4495-93ec-7285f2a0cd09,c53ceeac-ac8e-4f15-9edc-3876b0e48369,300,FALSE,None,RF,2000,77,10,0.834,0.834,0.834,0.834,0.832988508,0.834772532,0.832536668,2.502271897
6f560487-944c-4495-93ec-7285f2a0cd09,87c400fc-65c3-47ed-8564-4f53ec509c08,400,FALSE,None,RF,2000,77,10,0.836,0.836,0.836,0.836,0.835004771,0.836126365,0.834459134,3.308355465
a0a99e63-609a-4bc1-bd4f-6785a2446e46,81c90802-28c7-4c44-b7f3-bc57f9b28a46,100,FALSE,None,RF,2000,65,10,0.968,0.968,0.968,0.968,0.966839654,0.967484475,0.967291228,0.855252851
a0a99e63-609a-4bc1-bd4f-6785a2446e46,2127be1b-aad8-48fa-95a7-e1420251ecd8,200,FALSE,None,RF,2000,65,10,0.964,0.964,0.964,0.964,0.962810188,0.963756589,0.963265463,1.593061075
a0a99e63-609a-4bc1-bd4f-6785a2446e46,edcff05c-bb88-4841-be8b-10a7f94608bc,300,FALSE,None,RF,2000,65,10,0.968,0.968,0.968,0.968,0.967192562,0.967728789,0.967291228,2.383441438
a0a99e63-609a-4bc1-bd4f-6785a2446e46,e3908ecd-53a8-48a5-965a-53c2bedfa948,400,FALSE,None,RF,2000,65,10,0.972,0.972,0.972,0.972,0.971272603,0.972221059,0.970994932,3.192004726
014136a6-c335-46d8-897e-45b633f413f5,c88ddaaf-0e34-4493-b66b-62b36c940617,100,FALSE,None,RF,2000,7,10,0.706,0.706,0.706,0.706,0.696852412,0.701377421,0.695809034,0.303074475
014136a6-c335-46d8-897e-45b633f413f5,1f6f100f-e44f-4113-af97-98f1b836416d,200,FALSE,None,RF,2000,7,10,0.712,0.712,0.712,0.712,0.701145883,0.705739072,0.700729344,0.536411522
014136a6-c335-46d8-897e-45b633f413f5,962f0c54-f190-4bc7-be02-5e7198767514,300,FALSE,None,RF,2000,7,10,0.708,0.708,0.708,0.708,0.697366909,0.701574764,0.696882929,0.799923123
014136a6-c335-46d8-897e-45b633f413f5,43eab8a0-f32a-435e-9c46-7fe79d25b02c,400,FALSE,None,RF,2000,7,10,0.708,0.708,0.708,0.708,0.697366909,0.701615429,0.696749833,1.065096875
690312cf-ea5d-4f2f-9ab5-451ae51ecce1,665fa039-e84e-4762-a79b-ebff5497c0fc,100,FALSE,None,RF,2000,48,10,0.774,0.774,0.774,0.774,0.755234423,0.750891032,0.76169072,0.756268792
690312cf-ea5d-4f2f-9ab5-451ae51ecce1,289f5dca-15d8-401b-a263-545cc9328c4e,200,FALSE,None,RF,2000,48,10,0.784,0.784,0.784,0.784,0.766013484,0.762056014,0.772277902,1.383652029
690312cf-ea5d-4f2f-9ab5-451ae51ecce1,d43c0905-a3bc-4d35-bd53-86de78b4265a,300,FALSE,None,RF,2000,48,10,0.782,0.782,0.782,0.782,0.763225325,0.758692331,0.770246043,2.079441661
690312cf-ea5d-4f2f-9ab5-451ae51ecce1,b1249e10-066a-4e6d-a7f8-abb97c16031b,400,FALSE,None,RF,2000,48,10,0.782,0.782,0.782,0.782,0.762263833,0.756292076,0.770332887,2.763932318
a0431e7e-1d50-49a2-8404-8783538f21e1,b3cd126c-4720-417d-8d7b-3c2f99152da7,100,FALSE,None,RF,5620,65,10,0.977224199,0.977224199,0.977224199,0.977224199,0.977206231,0.977309101,0.977460742,0.74539298
a0431e7e-1d50-49a2-8404-8783538f21e1,ba2f363a-c6e4-4974-9321-a4c80e13b07c,200,FALSE,None,RF,5620,65,10,0.974377224,0.974377224,0.974377224,0.974377224,0.974470079,0.974576302,0.974621372,1.392000162
a0431e7e-1d50-49a2-8404-8783538f21e1,4dc86a87-0bc4-4c93-b0b7-c72f2e7cb5cb,300,FALSE,None,RF,5620,65,10,0.976512456,0.976512456,0.976512456,0.976512456,0.976641788,0.976824986,0.976850517,2.075709274
a0431e7e-1d50-49a2-8404-8783538f21e1,cd70ca25-683f-4f9c-9b09-bfa573ba220f,400,FALSE,None,RF,5620,65,10,0.979359431,0.979359431,0.979359431,0.979359431,0.979409659,0.979612591,0.979506092,2.77379857
63ea4b62-7676-4f07-9f56-423d20f9a5b1,85ecb259-d475-4405-9d12-e9f0fa83680d,100,FALSE,None,RF,10992,17,10,0.990902475,0.990902475,0.990902475,0.990902475,0.990955339,0.990985786,0.990977601,1.218292527
63ea4b62-7676-4f07-9f56-423d20f9a5b1,32b0f60b-9281-408c-a80d-80901d8a41ea,200,FALSE,None,RF,10992,17,10,0.991266376,0.991266376,0.991266376,0.991266376,0.991316582,0.991345005,0.99134519,2.325302173
63ea4b62-7676-4f07-9f56-423d20f9a5b1,89de11f9-fe8e-4607-8475-50c9accdf464,300,FALSE,None,RF,10992,17,10,0.991630277,0.991630277,0.991630277,0.991630277,0.991672802,0.991755324,0.991671663,3.504439518
63ea4b62-7676-4f07-9f56-423d20f9a5b1,789afda0-d0d6-45e0-8579-4a5bb3785907,400,FALSE,None,RF,10992,17,10,0.991630277,0.991630277,0.991630277,0.991630277,0.991689913,0.99176625,0.991688142,4.66514187
0018ded6-3d48-4024-9a50-4e4c56db0fac,68df05df-92f1-414b-bb05-ddee0d35a5c7,100,FALSE,None,RF,2310,20,7,0.967128028,0.967128028,0.967128028,0.967128028,0.969845519,0.971076766,0.968942744,0.373776247
0018ded6-3d48-4024-9a50-4e4c56db0fac,4956f738-4a51-4157-833d-a71f201e3fe3,200,FALSE,None,RF,2310,20,7,0.970588235,0.970588235,0.970588235,0.970588235,0.972889859,0.973541917,0.972384302,0.677751221
0018ded6-3d48-4024-9a50-4e4c56db0fac,723c5838-4878-4fef-9495-580a9de183cd,300,FALSE,None,RF,2310,20,7,0.970588235,0.970588235,0.970588235,0.970588235,0.972517832,0.973596082,0.971679361,1.013235155
0018ded6-3d48-4024-9a50-4e4c56db0fac,3c73e549-0f33-458a-be41-6f977c7e5b0c,400,FALSE,None,RF,2310,20,7,0.974048443,0.974048443,0.974048443,0.974048443,0.975857311,0.976607292,0.975241445,1.356662096
d54ecaea-fa1f-45a3-9e3c-75271a3042c0,10c99d9c-db04-419e-b0b3-58a32fc6a790,100,FALSE,None,RF,2000,217,10,0.972,0.972,0.972,0.972,0.970685607,0.972833409,0.969970417,0.853023099
d54ecaea-fa1f-45a3-9e3c-75271a3042c0,8d7b04be-30ad-4fa9-91b6-d9b0dfe83c84,200,FALSE,None,RF,2000,217,10,0.968,0.968,0.968,0.968,0.966679972,0.968765842,0.966418382,1.609581547
d54ecaea-fa1f-45a3-9e3c-75271a3042c0,45910198-2bac-4faf-b83b-7451df1b2bad,300,FALSE,None,RF,2000,217,10,0.97,0.97,0.97,0.97,0.968637511,0.970521922,0.968118566,2.412007399
d54ecaea-fa1f-45a3-9e3c-75271a3042c0,14895325-4f9a-44c7-b29d-0230461ace48,400,FALSE,None,RF,2000,217,10,0.966,0.966,0.966,0.966,0.963883188,0.966549764,0.963159887,3.206294068
048f6035-dbb1-4a1f-be00-bb8810fdd13e,b4af6923-af9f-4b11-8e8e-d6432a9ac619,100,FALSE,None,RF,768,9,2,0.723958333,0.613138686,0.617647059,0.608695652,0.613138686,0.617647059,0.608695652,0.215987094
048f6035-dbb1-4a1f-be00-bb8810fdd13e,b4edcda5-d174-470c-926e-41d40a8998bd,200,FALSE,None,RF,768,9,2,0.729166667,0.617647059,0.626865672,0.608695652,0.617647059,0.626865672,0.608695652,0.35343421
048f6035-dbb1-4a1f-be00-bb8810fdd13e,88d0c0e9-32ba-4f2c-943d-86b7d85f07b0,300,FALSE,None,RF,768,9,2,0.739583333,0.642857143,0.633802817,0.652173913,0.642857143,0.633802817,0.652173913,0.5228021
048f6035-dbb1-4a1f-be00-bb8810fdd13e,ce74747e-57ec-45af-a59b-b777f61071b8,400,FALSE,None,RF,768,9,2,0.739583333,0.632352941,0.641791045,0.623188406,0.632352941,0.641791045,0.623188406,0.699817761
29a92420-e4f2-4c78-8ce4-37d416ff8ed5,5e221ac0-abf8-4d99-a4c6-7d2fe57d291b,100,FALSE,None,RF,4601,58,2,0.956559513,0.94612069,0.969094923,0.924210526,0.94612069,0.969094923,0.924210526,0.587725544
29a92420-e4f2-4c78-8ce4-37d416ff8ed5,4e940778-029d-452d-8e53-34bad95eafcb,200,FALSE,None,RF,4601,58,2,0.961772372,0.952483801,0.977827051,0.928421053,0.952483801,0.977827051,0.928421053,1.069614504
29a92420-e4f2-4c78-8ce4-37d416ff8ed5,cee3cbf7-2be1-4c47-a767-3814835a706f,300,FALSE,None,RF,4601,58,2,0.959165943,0.949407966,0.971365639,0.928421053,0.949407966,0.971365639,0.928421053,1.597140319
29a92420-e4f2-4c78-8ce4-37d416ff8ed5,0ef88f07-66cd-4ac5-870d-ec7a1d0b3d69,400,FALSE,None,RF,4601,58,2,0.957428323,0.947255113,0.969162996,0.926315789,0.947255113,0.969162996,0.926315789,2.12441094
3c38dd43-36cc-4300-893f-d890d0500de6,73bce7eb-3770-4eae-9301-1ed5013915f2,100,FALSE,None,RF,846,19,4,0.783018868,0.783018868,0.783018868,0.783018868,0.759880594,0.758172906,0.765106564,0.249798559
3c38dd43-36cc-4300-893f-d890d0500de6,2df5d8dd-c538-441d-8e7a-4fac845aa4e5,200,FALSE,None,RF,846,19,4,0.778301887,0.778301887,0.778301887,0.778301887,0.754874677,0.752651276,0.759087442,0.421975021
3c38dd43-36cc-4300-893f-d890d0500de6,dd6f5a9c-9bd8-441e-8734-4ce90be0b8fc,300,FALSE,None,RF,846,19,4,0.768867925,0.768867925,0.768867925,0.768867925,0.746322739,0.745110099,0.751921081,0.628709293
3c38dd43-36cc-4300-893f-d890d0500de6,16f51ca5-14d7-4a38-b005-f9eaf88c9a0e,400,FALSE,None,RF,846,19,4,0.773584906,0.773584906,0.773584906,0.773584906,0.750426494,0.74848545,0.753985401,0.839089465
c9a0d453-3ae6-4cca-bbd8-c09baf601946,52143d80-b93b-4e72-be06-b79e5146ccbb,100,FALSE,None,RF,5000,41,3,0.8568,0.8568,0.8568,0.8568,0.856673126,0.857130629,0.85751854,1.49046283
c9a0d453-3ae6-4cca-bbd8-c09baf601946,833d750f-db05-4a61-84c5-28c85575e720,200,FALSE,None,RF,5000,41,3,0.8584,0.8584,0.8584,0.8584,0.858234479,0.859483396,0.859103789,2.861655256
c9a0d453-3ae6-4cca-bbd8-c09baf601946,414b8f5f-ceac-4aa8-94b0-b539712aa345,300,FALSE,None,RF,5000,41,3,0.8632,0.8632,0.8632,0.8632,0.863209908,0.863825863,0.863843869,4.323052867
c9a0d453-3ae6-4cca-bbd8-c09baf601946,aa5efcab-435f-4ee8-8160-9cb2fe778245,400,FALSE,None,RF,5000,41,3,0.8688,0.8688,0.8688,0.8688,0.868742478,0.869955577,0.869690451,5.733419177
76610bfb-7f98-4497-a064-d4159bfdb7fe,e3131dc6-30f4-4e57-a7d9-79719d2c7cca,100,FALSE,None,RF,6430,37,6,0.921641791,0.921641791,0.921641791,0.921641791,0.90305678,0.920543261,0.893586254,1.078662724
76610bfb-7f98-4497-a064-d4159bfdb7fe,cb9efe55-a37f-48c9-a79a-d7b81877ccd6,200,FALSE,None,RF,6430,37,6,0.922885572,0.922885572,0.922885572,0.922885572,0.905882862,0.920471106,0.897051812,2.055760125
76610bfb-7f98-4497-a064-d4159bfdb7fe,ae9fd087-43cb-4d82-b53b-67721b41f343,300,FALSE,None,RF,6430,37,6,0.921641791,0.921641791,0.921641791,0.921641791,0.903535612,0.919425041,0.894525571,3.073761917
76610bfb-7f98-4497-a064-d4159bfdb7fe,2dd10702-db3f-40bf-9719-019031d02cb2,400,FALSE,None,RF,6430,37,6,0.922885572,0.922885572,0.922885572,0.922885572,0.90490816,0.918326882,0.897371186,4.090053866
ce6b0b92-05a3-4763-8877-544d53c87b14,a4ccf314-d76d-40ad-b399-015676da4c33,100,TRUE,None,RF,7797,618,26,0.952866242,0.952866242,0.952866242,0.952866242,0.950695944,0.952001247,0.950767041,15.72300884
ce6b0b92-05a3-4763-8877-544d53c87b14,5ea8da5f-36b5-4484-82e3-968ff6b954e8,200,TRUE,None,RF,7797,618,26,0.957961783,0.957961783,0.957961783,0.957961783,0.95653256,0.956707461,0.957285594,29.39970222
ce6b0b92-05a3-4763-8877-544d53c87b14,7dee6698-9108-46fd-9b01-b509693910ad,300,TRUE,None,RF,7797,618,26,0.954140127,0.954140127,0.954140127,0.954140127,0.952033138,0.953267813,0.95203568,43.13443813
ce6b0b92-05a3-4763-8877-544d53c87b14,7fe063c2-0d62-43a6-adac-1bbc96208c2d,400,TRUE,None,RF,7797,618,26,0.954140127,0.954140127,0.954140127,0.954140127,0.952184843,0.953318431,0.952591623,58.82883125
6c724e17-6d86-4e9f-b304-2941edc5b33d,c9bdb938-f2cc-480c-a135-2c9cab58aabd,100,FALSE,None,RF,9961,15,9,0.964271377,0.964271377,0.964271377,0.964271377,0.960768992,0.963110421,0.958867671,1.810037168
6c724e17-6d86-4e9f-b304-2941edc5b33d,fd15a3a3-b426-43bc-bae5-7723d89e803e,200,FALSE,None,RF,9961,15,9,0.970293055,0.970293055,0.970293055,0.970293055,0.967389643,0.969361422,0.965767006,3.535576328
6c724e17-6d86-4e9f-b304-2941edc5b33d,5dc1e3c9-3ed5-404d-ac61-42e68f9f2ce7,300,FALSE,None,RF,9961,15,9,0.968687274,0.968687274,0.968687274,0.968687274,0.965945115,0.968083517,0.964132076,5.28962015
6c724e17-6d86-4e9f-b304-2941edc5b33d,1bae5094-e871-4cb6-8c22-3cc3369bf34b,400,FALSE,None,RF,9961,15,9,0.969490165,0.969490165,0.969490165,0.969490165,0.966446857,0.968655839,0.964606973,7.044082033
3d9fc9a3-3742-4ae5-b8d8-34398ef1f8be,7157a1ee-c38b-4f96-b89c-0459b4e3f9ce,100,FALSE,None,RF,841,71,4,0.990521327,0.990521327,0.990521327,0.990521327,0.986968158,0.993506494,0.981041667,0.276668947
3d9fc9a3-3742-4ae5-b8d8-34398ef1f8be,9cd591f6-ff88-4772-b0cc-69757722e7d9,200,FALSE,None,RF,841,71,4,0.990521327,0.990521327,0.990521327,0.990521327,0.986968158,0.993506494,0.981041667,0.434384004
3d9fc9a3-3742-4ae5-b8d8-34398ef1f8be,1fc2f9bf-766a-41e0-9852-0394c15c7daf,300,FALSE,None,RF,841,71,4,0.990521327,0.990521327,0.990521327,0.990521327,0.986968158,0.993506494,0.981041667,0.64879173
3d9fc9a3-3742-4ae5-b8d8-34398ef1f8be,1583703b-31d0-43bd-8532-364b40bb617c,400,FALSE,None,RF,841,71,4,0.990521327,0.990521327,0.990521327,0.990521327,0.986968158,0.993506494,0.981041667,0.867345393
0ce1d9c3-465a-4d86-bdbc-6bbf32e0e9fb,a8e08d9d-5db6-450f-872f-6ada2c56a99f,100,FALSE,None,RF,1212,101,2,0.594059406,0.611987382,0.621794872,0.602484472,0.611987382,0.621794872,0.602484472,0.920461145
0ce1d9c3-465a-4d86-bdbc-6bbf32e0e9fb,64a4dd10-f1f7-472e-b16e-9d25667c770b,200,FALSE,None,RF,1212,101,2,0.574257426,0.593059937,0.602564103,0.583850932,0.593059937,0.602564103,0.583850932,1.699429068
0ce1d9c3-465a-4d86-bdbc-6bbf32e0e9fb,6725e134-3203-4a69-8044-c25e1d9339c4,300,FALSE,None,RF,1212,101,2,0.584158416,0.60625,0.610062893,0.602484472,0.60625,0.610062893,0.602484472,2.491109311
0ce1d9c3-465a-4d86-bdbc-6bbf32e0e9fb,688d5fa6-cdfe-4bd3-92b5-caba9ad251b8,400,FALSE,None,RF,1212,101,2,0.561056106,0.577777778,0.590909091,0.565217391,0.577777778,0.590909091,0.565217391,3.368249644
8ab372a9-6fc4-44c2-9d59-7ba88d5f11df,46caee4f-bfe4-4dae-af6f-b2e346e728e8,100,FALSE,None,RF,5404,6,2,0.914877868,0.851228978,0.859007833,0.843589744,0.851228978,0.859007833,0.843589744,0.67229747
8ab372a9-6fc4-44c2-9d59-7ba88d5f11df,43cafd12-2a65-41e8-aeb5-948cc7e681c2,200,FALSE,None,RF,5404,6,2,0.911917098,0.848407643,0.843037975,0.853846154,0.848407643,0.843037975,0.853846154,1.276643289
8ab372a9-6fc4-44c2-9d59-7ba88d5f11df,24bc5852-5a28-4df8-8d98-7ae748690b15,300,FALSE,None,RF,5404,6,2,0.908956329,0.842509603,0.841432225,0.843589744,0.842509603,0.841432225,0.843589744,1.914018316
8ab372a9-6fc4-44c2-9d59-7ba88d5f11df,2619d25c-09a1-4280-a196-8446633303ca,400,FALSE,None,RF,5404,6,2,0.914877868,0.851994852,0.855297158,0.848717949,0.851994852,0.855297158,0.848717949,2.555629825
6e94a052-3571-45ca-b087-35968ee9d3f5,bb69af23-b26a-44a6-8596-21ea41db4a0d,100,TRUE,None,RF,70000,785,10,0.967538968,0.967538968,0.967538968,0.967538968,0.967215487,0.967165454,0.967306833,51.96746423
6e94a052-3571-45ca-b087-35968ee9d3f5,de818fe5-b768-47d0-b61b-78a043dc935e,200,TRUE,None,RF,70000,785,10,0.968968969,0.968968969,0.968968969,0.968968969,0.968620621,0.968605722,0.968668056,94.47681426
6e94a052-3571-45ca-b087-35968ee9d3f5,2fff7049-94fc-47ad-8391-52f9bd217641,300,TRUE,None,RF,70000,785,10,0.968825969,0.968825969,0.968825969,0.968825969,0.968476755,0.968472152,0.968508499,137.0853696
6e94a052-3571-45ca-b087-35968ee9d3f5,faea18ec-4320-4940-823c-d0eb981bf74f,400,TRUE,None,RF,70000,785,10,0.969254969,0.969254969,0.969254969,0.969254969,0.968902884,0.968819655,0.969008695,180.4853315
5d26c47e-4481-4a5c-b708-e498944125c1,d6290a06-c3c9-4339-89d2-12bb7b6b918b,100,FALSE,None,RF,2534,73,2,0.941640379,0.244897959,0.666666667,0.15,0.244897959,0.666666667,0.15,0.629828356
5d26c47e-4481-4a5c-b708-e498944125c1,8e93efac-9ba7-4fe6-abdc-6873488615fc,200,FALSE,None,RF,2534,73,2,0.940063091,0.269230769,0.583333333,0.175,0.269230769,0.583333333,0.175,1.127227722
5d26c47e-4481-4a5c-b708-e498944125c1,fce00561-97cc-4c7e-9473-f446ab54021b,300,FALSE,None,RF,2534,73,2,0.941640379,0.244897959,0.666666667,0.15,0.244897959,0.666666667,0.15,1.695907058
5d26c47e-4481-4a5c-b708-e498944125c1,6136ca39-340d-4ef0-acb8-7b3adb9d8d41,400,FALSE,None,RF,2534,73,2,0.940063091,0.24,0.6,0.15,0.24,0.6,0.15,2.261822886
f84330c1-c779-4edf-ba0e-cd1aec7fe66a,1899ffe5-335d-4b6d-9199-610c2dd30fe5,100,FALSE,None,RF,1600,65,100,0.83,0.83,0.83,0.83,0.819341825,0.840757937,0.856988095,0.847435125
f84330c1-c779-4edf-ba0e-cd1aec7fe66a,4f162ecf-6277-4780-a093-219a65dc8c34,200,FALSE,None,RF,1600,65,100,0.8475,0.8475,0.8475,0.8475,0.836629537,0.860198413,0.870119048,1.58208531
f84330c1-c779-4edf-ba0e-cd1aec7fe66a,8c92f2f4-6e9a-4b04-8c3c-9b6e379fd051,300,FALSE,None,RF,1600,65,100,0.825,0.825,0.825,0.825,0.809659396,0.828892857,0.851511905,2.374052192
f84330c1-c779-4edf-ba0e-cd1aec7fe66a,5118e399-ed0f-41ba-94d1-885e697443f7,400,FALSE,None,RF,1600,65,100,0.8475,0.8475,0.8475,0.8475,0.833279165,0.849369048,0.866547619,3.158450502
55d8c4a8-595b-474e-9fbf-f363915435c0,354eac7e-8a07-4ed0-b645-858fae959c82,100,FALSE,None,RF,2600,501,2,0.706153846,0.711915535,0.712990937,0.710843373,0.711915535,0.712990937,0.710843373,2.050166824
55d8c4a8-595b-474e-9fbf-f363915435c0,3e71dfb5-bd64-4852-9237-ed2612301870,200,FALSE,None,RF,2600,501,2,0.721538462,0.734214391,0.716332378,0.753012048,0.734214391,0.716332378,0.753012048,4.015853203
55d8c4a8-595b-474e-9fbf-f363915435c0,e615d4a5-7bd5-4686-9113-0deacdece3c4,300,FALSE,None,RF,2600,501,2,0.736923077,0.750364964,0.728045326,0.774096386,0.750364964,0.728045326,0.774096386,5.976842234
55d8c4a8-595b-474e-9fbf-f363915435c0,672a9b53-d32a-4351-a6c4-4835c0ee1456,400,FALSE,None,RF,2600,501,2,0.72,0.73313783,0.714285714,0.753012048,0.73313783,0.714285714,0.753012048,8.00691872
67183ed1-83d6-4dd1-8694-c83a930908c9,21cad286-c70b-44d9-b675-f3e0ae90ccc4,100,FALSE,None,RF,13910,129,6,0.994249569,0.994249569,0.994249569,0.994249569,0.993783362,0.994749003,0.992878815,7.657314716
67183ed1-83d6-4dd1-8694-c83a930908c9,0d32dcc2-5c27-4e0a-9559-ee5fc37ce6de,200,FALSE,None,RF,13910,129,6,0.994249569,0.994249569,0.994249569,0.994249569,0.993783362,0.994749003,0.992878815,15.12356567
67183ed1-83d6-4dd1-8694-c83a930908c9,6d9b9cd2-13b5-4beb-a5b8-e26c684de304,300,FALSE,None,RF,13910,129,6,0.994249569,0.994249569,0.994249569,0.994249569,0.993800424,0.994658519,0.993000845,22.78640563
67183ed1-83d6-4dd1-8694-c83a930908c9,1ebc3437-d563-4b52-8e4c-5917d4ec72d9,400,FALSE,None,RF,13910,129,6,0.993962047,0.993962047,0.993962047,0.993962047,0.993476332,0.994357779,0.992651439,30.36668078
bdcd7bd6-277d-4d28-bdd0-c1f1636a690b,28699223-8176-4aa1-a2b2-0008450fcd08,100,TRUE,None,RF,10299,562,6,0.980970504,0.980970504,0.980970504,0.980970504,0.980788915,0.980692828,0.981066302,16.97869445
bdcd7bd6-277d-4d28-bdd0-c1f1636a690b,ce32d037-6844-427f-b360-d3967d06990c,200,TRUE,None,RF,10299,562,6,0.980970504,0.980970504,0.980970504,0.980970504,0.981088141,0.980770904,0.981547303,31.40105577
bdcd7bd6-277d-4d28-bdd0-c1f1636a690b,a0639c5f-9548-433f-8916-9f90ba29a21f,300,TRUE,None,RF,10299,562,6,0.980970504,0.980970504,0.980970504,0.980970504,0.981088141,0.980770904,0.981547303,46.45739522
bdcd7bd6-277d-4d28-bdd0-c1f1636a690b,d1b6465a-126a-4642-b351-cedf51eeca67,400,TRUE,None,RF,10299,562,6,0.980970504,0.980970504,0.980970504,0.980970504,0.981082039,0.980872339,0.98151186,61.05038287
72a448d8-3968-4103-8b22-e1bc627f2b84,457bd6cd-deb2-453e-84f5-a9f3216e7078,100,FALSE,None,RF,1941,34,2,0.991769547,0.988439306,0.994186047,0.982758621,0.988439306,0.994186047,0.982758621,0.385326015
72a448d8-3968-4103-8b22-e1bc627f2b84,10fc73f8-09a2-4a8a-9c91-9a056175d8b4,200,FALSE,None,RF,1941,34,2,0.991769547,0.988439306,0.994186047,0.982758621,0.988439306,0.994186047,0.982758621,0.653332103
72a448d8-3968-4103-8b22-e1bc627f2b84,03ca3019-7fec-4aa5-8faa-b5d98fa0b7ae,300,FALSE,None,RF,1941,34,2,0.989711934,0.985507246,0.994152047,0.977011494,0.985507246,0.994152047,0.977011494,0.979369883
72a448d8-3968-4103-8b22-e1bc627f2b84,c2150447-1a5c-4b71-b842-f3d77f875745,400,FALSE,None,RF,1941,34,2,0.99382716,0.991354467,0.994219653,0.988505747,0.991354467,0.994219653,0.988505747,1.316210131
2748129e-4105-41c3-8d60-ded839fbedb8,61386f68-8be0-46e6-8cce-490ff8c806df,100,FALSE,None,RF,1599,65,100,0.8425,0.8425,0.8425,0.8425,0.80420338,0.829309524,0.830761905,1.043709854
2748129e-4105-41c3-8d60-ded839fbedb8,bd9a0666-e13d-485e-8dab-3786ee790c02,200,FALSE,None,RF,1599,65,100,0.865,0.865,0.865,0.865,0.836577536,0.854978355,0.85472583,2.006004767
2748129e-4105-41c3-8d60-ded839fbedb8,12f2440d-ff8e-4972-aad5-652e5c5b38a5,300,FALSE,None,RF,1599,65,100,0.8325,0.8325,0.8325,0.8325,0.806764756,0.831204906,0.826010101,2.971784275
2748129e-4105-41c3-8d60-ded839fbedb8,ac75fda3-8193-4bdc-9878-8743498c6384,400,FALSE,None,RF,1599,65,100,0.8475,0.8475,0.8475,0.8475,0.815230686,0.845702381,0.834595238,3.94730484
0a23396c-56fa-4e53-b50c-7ab54a492a01,4f86704d-b3fc-43fb-a9d2-3981e6b0371c,100,FALSE,None,RF,1593,257,10,0.922305764,0.922305764,0.922305764,0.922305764,0.923290198,0.925026604,0.927385421,0.370695301
0a23396c-56fa-4e53-b50c-7ab54a492a01,f5ac907b-7905-4327-b472-4118ecaa1e44,200,FALSE,None,RF,1593,257,10,0.932330827,0.932330827,0.932330827,0.932330827,0.933674237,0.934176945,0.937960757,0.624412128
0a23396c-56fa-4e53-b50c-7ab54a492a01,544437e4-d5e4-464c-87e7-fa2c73ba3ea4,300,FALSE,None,RF,1593,257,10,0.932330827,0.932330827,0.932330827,0.932330827,0.933251932,0.933254247,0.937274429,0.933877706
0a23396c-56fa-4e53-b50c-7ab54a492a01,782a58c8-5f1e-496e-bf4c-c16f973cc193,400,FALSE,None,RF,1593,257,10,0.937343358,0.937343358,0.937343358,0.937343358,0.938451738,0.938053533,0.942563931,1.241116646
b4dee532-f81c-4a16-92ef-09f7b6844a33,96bc91e3-5b54-4a37-91b2-26c21c8692f7,100,FALSE,None,RF,1055,42,2,0.875,0.804733728,0.829268293,0.781609195,0.804733728,0.829268293,0.781609195,0.28358476
b4dee532-f81c-4a16-92ef-09f7b6844a33,68b9743a-06c6-4ae1-91a7-fb559ed9d65d,200,FALSE,None,RF,1055,42,2,0.886363636,0.823529412,0.843373494,0.804597701,0.823529412,0.843373494,0.804597701,0.452506947
b4dee532-f81c-4a16-92ef-09f7b6844a33,db3ef77f-addf-4f58-af71-bee78d6ca776,300,FALSE,None,RF,1055,42,2,0.875,0.804733728,0.829268293,0.781609195,0.804733728,0.829268293,0.781609195,0.679908899
b4dee532-f81c-4a16-92ef-09f7b6844a33,20be44c6-c433-44df-b626-4bc52406b34e,400,FALSE,None,RF,1055,42,2,0.875,0.807017544,0.821428571,0.793103448,0.807017544,0.821428571,0.793103448,0.904701905
fa6f0598-3cc8-4d52-b75f-3638b540d9e6,9f3d3d2f-8945-4110-a029-7bd05ccbce7b,100,FALSE,None,RF,569,31,2,0.972027972,0.962264151,0.980769231,0.944444444,0.962264151,0.980769231,0.944444444,0.225701046
fa6f0598-3cc8-4d52-b75f-3638b540d9e6,06ec18f8-d1e3-47d0-93ed-294696db2af5,200,FALSE,None,RF,569,31,2,0.965034965,0.953271028,0.962264151,0.944444444,0.953271028,0.962264151,0.944444444,0.374428233
fa6f0598-3cc8-4d52-b75f-3638b540d9e6,c421247d-b6f8-4957-a31d-c853bf4611ed,300,FALSE,None,RF,569,31,2,0.972027972,0.962264151,0.980769231,0.944444444,0.962264151,0.980769231,0.944444444,0.56097963
fa6f0598-3cc8-4d52-b75f-3638b540d9e6,5815764b-f2b2-48c9-9830-3f947e5aed12,400,FALSE,None,RF,569,31,2,0.972027972,0.962264151,0.980769231,0.944444444,0.962264151,0.980769231,0.944444444,0.747658832
af35218b-826c-4c4b-aecd-77a0a77c4ce3,7faa5220-05e2-4e8a-aa93-6922faddbc49,100,FALSE,None,RF,5456,25,4,0.990469208,0.990469208,0.990469208,0.990469208,0.987496392,0.990332393,0.984968742,0.868273793
af35218b-826c-4c4b-aecd-77a0a77c4ce3,0f7d6a19-062e-42df-98b1-f548fc8f00b6,200,FALSE,None,RF,5456,25,4,0.989002933,0.989002933,0.989002933,0.989002933,0.98621583,0.988687999,0.984093085,1.606397923
af35218b-826c-4c4b-aecd-77a0a77c4ce3,0eea57a5-81ba-4b86-a46a-f74cb8290729,300,FALSE,None,RF,5456,25,4,0.991202346,0.991202346,0.991202346,0.991202346,0.988317647,0.991508667,0.98540657,2.453155638
af35218b-826c-4c4b-aecd-77a0a77c4ce3,ae945323-5a67-4058-8521-a2961513eccd,400,FALSE,None,RF,5456,25,4,0.98973607,0.98973607,0.98973607,0.98973607,0.987034971,0.989853122,0.984530913,3.233872728
9fd2ad08-ac37-420e-88c3-7cf476f30751,fba43cbb-b392-4e83-8c8f-e4cd03cf0650,100,FALSE,None,RF,1600,65,100,0.6,0.6,0.6,0.6,0.538775568,0.583115079,0.583880952,1.688413591
9fd2ad08-ac37-420e-88c3-7cf476f30751,ee9e7ff5-8dc7-47f3-aef2-a9ccee6375f3,200,FALSE,None,RF,1600,65,100,0.6,0.6,0.6,0.6,0.547641812,0.579162698,0.582880952,3.267979788
9fd2ad08-ac37-420e-88c3-7cf476f30751,bed05279-1bf0-485b-b54f-ee6ff9f76f8d,300,FALSE,None,RF,1600,65,100,0.605,0.605,0.605,0.605,0.549538527,0.58984127,0.58647619,4.889781377
9fd2ad08-ac37-420e-88c3-7cf476f30751,bbf3c7b9-014e-4832-a60f-9e9d4b296bff,400,FALSE,None,RF,1600,65,100,0.6025,0.6025,0.6025,0.6025,0.550713796,0.591484127,0.588309524,6.540204142
ebe607b6-341d-464f-a0b6-0ddb7d0cf587,cecea3fe-f6bc-40a8-b6a4-001796bd4174,100,FALSE,None,RF,5500,41,11,0.975272727,0.975272727,0.975272727,0.975272727,0.976242619,0.976399197,0.976269612,1.503215785
ebe607b6-341d-464f-a0b6-0ddb7d0cf587,22c5eea1-9da0-444f-b420-03c5aaae9337,200,FALSE,None,RF,5500,41,11,0.974545455,0.974545455,0.974545455,0.974545455,0.975706665,0.975926061,0.975703483,2.876010266
ebe607b6-341d-464f-a0b6-0ddb7d0cf587,e58d4615-7142-4875-921a-cbf13b1c2840,300,FALSE,None,RF,5500,41,11,0.972363636,0.972363636,0.972363636,0.972363636,0.973611057,0.974055368,0.973574835,4.29429185
ebe607b6-341d-464f-a0b6-0ddb7d0cf587,82199631-7513-4fbf-9630-0ddc9d274dcd,400,FALSE,None,RF,5500,41,11,0.973090909,0.973090909,0.973090909,0.973090909,0.974307146,0.974895306,0.974274136,5.78676434
a8cfe9e4-de08-4d8e-957f-03bd2f4ba731,f2bda0e2-89b9-454b-914d-9eb73af1f9c6,100,FALSE,None,RF,500,8,10,0.712,0.712,0.712,0.712,0.70818672,0.726196353,0.721039467,0.181445921
a8cfe9e4-de08-4d8e-957f-03bd2f4ba731,fba71eee-6370-4be2-8022-f88b557f4c72,200,FALSE,None,RF,500,8,10,0.744,0.744,0.744,0.744,0.74095103,0.741792791,0.755013826,0.28917837
a8cfe9e4-de08-4d8e-957f-03bd2f4ba731,dc9b6b04-6b4f-4d08-84e7-9ef4b4929fb8,300,FALSE,None,RF,500,8,10,0.728,0.728,0.728,0.728,0.718398145,0.720871935,0.732236048,0.433121229
a8cfe9e4-de08-4d8e-957f-03bd2f4ba731,71f6a0fb-3195-4bb9-a5f4-1a3858a606d8,400,FALSE,None,RF,500,8,10,0.728,0.728,0.728,0.728,0.720415655,0.729852941,0.735013826,0.576850052
d632c012-a672-4138-9a7f-ae8de8c64007,6bcf4549-7242-488a-8b90-675a392cc37a,100,FALSE,None,RF,9873,33,5,0.676387201,0.676387201,0.676387201,0.676387201,0.624144447,0.705958115,0.599360761,3.326837902
d632c012-a672-4138-9a7f-ae8de8c64007,9b0a723b-7dd2-4c77-b39e-a96e35e598f5,200,FALSE,None,RF,9873,33,5,0.671931956,0.671931956,0.671931956,0.671931956,0.622065,0.703884099,0.596445727,6.540722914
d632c012-a672-4138-9a7f-ae8de8c64007,7139e5de-9e38-4a8f-8004-c04333d84913,300,FALSE,None,RF,9873,33,5,0.680842446,0.680842446,0.680842446,0.680842446,0.630173018,0.711575742,0.604880069,9.829184746
d632c012-a672-4138-9a7f-ae8de8c64007,087ff199-506d-40d7-bd47-6a99041521bf,400,FALSE,None,RF,9873,33,5,0.675982179,0.675982179,0.675982179,0.675982179,0.62270991,0.705444514,0.59765012,13.09154186
